"../../../Engine/Plugins/2D/Paper2D/Content/PlaceholderTextures/DummySpriteTexture.ubulk" 0
"../../../Engine/Plugins/2D/Paper2D/Content/PlaceholderTextures/DummySpriteTexture.uasset" 1
"../../../Engine/Plugins/2D/Paper2D/Content/PlaceholderTextures/DummySpriteTexture.uexp" 2
"../../../Engine/Plugins/2D/Paper2D/Content/DummySprite.uasset" 3
"../../../Engine/Plugins/2D/Paper2D/Content/DummySprite.uexp" 4
"../../../Engine/Plugins/2D/Paper2D/Content/DefaultPaperTerrainMaterial.uasset" 5
"../../../Engine/Plugins/2D/Paper2D/Content/DefaultPaperTerrainMaterial.uexp" 6
"../../../Engine/Plugins/Interchange/Runtime/Content/Pipelines/DefaultTexturePipeline.uasset" 7
"../../../Engine/Plugins/Interchange/Runtime/Content/Pipelines/DefaultTexturePipeline.uexp" 8
"../../../Engine/Plugins/Interchange/Runtime/Content/Pipelines/DefaultSceneLevelPipeline.uasset" 9
"../../../Engine/Plugins/Interchange/Runtime/Content/Pipelines/DefaultSceneLevelPipeline.uexp" 10
"../../../Engine/Plugins/Interchange/Runtime/Content/Pipelines/DefaultSceneAssetsPipeline.uasset" 11
"../../../Engine/Plugins/Interchange/Runtime/Content/Pipelines/DefaultSceneAssetsPipeline.uexp" 12
"../../../Engine/Plugins/Interchange/Runtime/Content/Pipelines/DefaultMaterialXPipeline.uasset" 13
"../../../Engine/Plugins/Interchange/Runtime/Content/Pipelines/DefaultMaterialXPipeline.uexp" 14
"../../../Engine/Plugins/Interchange/Runtime/Content/Pipelines/DefaultMaterialPipeline.uasset" 15
"../../../Engine/Plugins/Interchange/Runtime/Content/Pipelines/DefaultMaterialPipeline.uexp" 16
"../../../Engine/Plugins/Interchange/Runtime/Content/Pipelines/DefaultGLTFSceneAssetsPipeline.uasset" 17
"../../../Engine/Plugins/Interchange/Runtime/Content/Pipelines/DefaultGLTFSceneAssetsPipeline.uexp" 18
"../../../Engine/Plugins/Interchange/Runtime/Content/Pipelines/DefaultGLTFPipeline.uasset" 19
"../../../Engine/Plugins/Interchange/Runtime/Content/Pipelines/DefaultGLTFPipeline.uexp" 20
"../../../Engine/Plugins/Interchange/Runtime/Content/Pipelines/DefaultGLTFAssetsPipeline.uasset" 21
"../../../Engine/Plugins/Interchange/Runtime/Content/Pipelines/DefaultGLTFAssetsPipeline.uexp" 22
"../../../Engine/Plugins/Interchange/Runtime/Content/Pipelines/DefaultAssetsPipeline.uasset" 23
"../../../Engine/Plugins/Interchange/Runtime/Content/Pipelines/DefaultAssetsPipeline.uexp" 24
"../../../Engine/Plugins/Animation/ControlRig/Content/Controls/DefaultGizmoLibraryNormalized.uasset" 25
"../../../Engine/Plugins/Animation/ControlRig/Content/Controls/DefaultGizmoLibraryNormalized.uexp" 26
"../../../Engine/Content/EngineSounds/Master.uasset" 27
"../../../Engine/Content/EngineSounds/Master.uexp" 28
"../../../Engine/Content/EngineMaterials/DefaultPhysicalMaterial.uasset" 29
"../../../Engine/Content/EngineMaterials/DefaultPhysicalMaterial.uexp" 30
"../../../Engine/Content/EngineMaterials/DefaultDestructiblePhysicalMaterial.uasset" 31
"../../../Engine/Content/EngineMaterials/DefaultDestructiblePhysicalMaterial.uexp" 32
"../../../Engine/Content/EngineFonts/Faces/RobotoLight.uexp" 33
"../../../Engine/Content/EngineFonts/Faces/RobotoLight.uasset" 34
"../../../Engine/Content/EngineFonts/Faces/RobotoLight.ufont" 35
"../../../Engine/Content/EngineFonts/Faces/RobotoBold.uexp" 36
"../../../Engine/Content/EngineFonts/Faces/RobotoBold.uasset" 37
"../../../Engine/Content/EngineFonts/Faces/RobotoBold.ufont" 38
"../../../Engine/Content/EngineFonts/Faces/RobotoRegular.uexp" 39
"../../../Engine/Content/EngineFonts/Faces/RobotoRegular.uasset" 40
"../../../Engine/Content/EngineFonts/Faces/RobotoRegular.ufont" 41
"../../../Engine/Content/EngineFonts/Faces/DroidSansFallback.uexp" 42
"../../../Engine/Content/EngineFonts/Faces/DroidSansFallback.uasset" 43
"../../../Engine/Content/EngineFonts/Faces/DroidSansFallback.ufont" 44
"../../../Engine/Content/EngineFonts/Faces/RobotoItalic.uexp" 45
"../../../Engine/Content/EngineFonts/Faces/RobotoItalic.uasset" 46
"../../../Engine/Content/EngineFonts/Faces/RobotoItalic.ufont" 47
"../../../Engine/Content/EngineFonts/Faces/RobotoBoldItalic.uexp" 48
"../../../Engine/Content/EngineFonts/Faces/RobotoBoldItalic.uasset" 49
"../../../Engine/Content/EngineFonts/Faces/RobotoBoldItalic.ufont" 50
"../../../Engine/Content/EngineFonts/Roboto.uasset" 51
"../../../Engine/Content/EngineFonts/Roboto.uexp" 52
"../../../Engine/Content/MobileResources/HUD/VirtualJoystick_Background.uasset" 53
"../../../Engine/Content/MobileResources/HUD/VirtualJoystick_Background.uexp" 54
"../../../Engine/Content/MobileResources/HUD/VirtualJoystick_Thumb.uasset" 55
"../../../Engine/Content/MobileResources/HUD/VirtualJoystick_Thumb.uexp" 56
"../../../Engine/Content/MobileResources/HUD/DefaultVirtualJoysticks.uasset" 57
"../../../Engine/Content/MobileResources/HUD/DefaultVirtualJoysticks.uexp" 58
"../../../Engine/Content/EditorResources/S_Actor.ubulk" 59
"../../../Engine/Content/EditorResources/S_Actor.uasset" 60
"../../../Engine/Content/EditorResources/S_Actor.uexp" 61
"../../../Engine/Content/EditorResources/S_BoxReflectionCapture.uasset" 62
"../../../Engine/Content/EditorResources/S_BoxReflectionCapture.uexp" 63
"../../../Engine/Content/EngineResources/DefaultTexture.ubulk" 64
"../../../Engine/Content/EngineResources/DefaultTexture.uasset" 65
"../../../Engine/Content/EngineResources/DefaultTexture.uexp" 66
"../../../Engine/Content/EngineResources/DefaultTextureCube.uasset" 67
"../../../Engine/Content/EngineResources/DefaultTextureCube.uexp" 68
"../../../Engine/Content/EngineResources/DefaultVolumeTexture2D.uasset" 69
"../../../Engine/Content/EngineResources/DefaultVolumeTexture2D.uexp" 70
"../../../Engine/Content/EngineResources/DefaultVolumeTexture.uasset" 71
"../../../Engine/Content/EngineResources/DefaultVolumeTexture.uexp" 72
"../../../Engine/Plugins/Runtime/AudioWidgets/Content/Resources/ScrubHandleDown_Clamped.uasset" 73
"../../../Engine/Plugins/Runtime/AudioWidgets/Content/Resources/ScrubHandleDown_Clamped.uexp" 74
"../../../Engine/Plugins/Interchange/Assets/Content/Functions/MX_UsdPreviewSurface.uasset" 75
"../../../Engine/Plugins/Interchange/Assets/Content/Functions/MX_UsdPreviewSurface.uexp" 76
"../../../Engine/Plugins/Interchange/Assets/Content/Functions/MX_UniformEDF.uasset" 77
"../../../Engine/Plugins/Interchange/Assets/Content/Functions/MX_UniformEDF.uexp" 78
"../../../Engine/Plugins/Interchange/Assets/Content/Functions/MX_TranslucentBSDF.uasset" 79
"../../../Engine/Plugins/Interchange/Assets/Content/Functions/MX_TranslucentBSDF.uexp" 80
"../../../Engine/Plugins/Interchange/Assets/Content/Functions/MX_ThinFilmBSDF.uasset" 81
"../../../Engine/Plugins/Interchange/Assets/Content/Functions/MX_ThinFilmBSDF.uexp" 82
"../../../Engine/Plugins/Interchange/Assets/Content/Functions/MX_SurfaceUnlit.uasset" 83
"../../../Engine/Plugins/Interchange/Assets/Content/Functions/MX_SurfaceUnlit.uexp" 84
"../../../Engine/Plugins/Interchange/Assets/Content/Functions/MX_Surface.uasset" 85
"../../../Engine/Plugins/Interchange/Assets/Content/Functions/MX_Surface.uexp" 86
"../../../Engine/Plugins/Interchange/Assets/Content/Functions/MX_SubsurfaceBSDF.uasset" 87
"../../../Engine/Plugins/Interchange/Assets/Content/Functions/MX_SubsurfaceBSDF.uexp" 88
"../../../Engine/Plugins/Interchange/Assets/Content/Functions/MX_SheenBSDF.uasset" 89
"../../../Engine/Plugins/Interchange/Assets/Content/Functions/MX_SheenBSDF.uexp" 90
"../../../Engine/Plugins/Interchange/Assets/Content/Functions/MX_OrenNayarBSDF.uasset" 91
"../../../Engine/Plugins/Interchange/Assets/Content/Functions/MX_OrenNayarBSDF.uexp" 92
"../../../Engine/Plugins/Interchange/Assets/Content/Utilities/New_LUT.uasset" 93
"../../../Engine/Plugins/Interchange/Assets/Content/Utilities/New_LUT.uexp" 94
"../../../Engine/Content/Functions/Engine_MaterialFunctions03/Math/RemapValueRange.uasset" 95
"../../../Engine/Content/Functions/Engine_MaterialFunctions03/Math/RemapValueRange.uexp" 96
"../../../Engine/Plugins/Interchange/Assets/Content/Functions/MF_Iridescence.uasset" 97
"../../../Engine/Plugins/Interchange/Assets/Content/Functions/MF_Iridescence.uexp" 98
"../../../Engine/Plugins/Interchange/Assets/Content/Functions/MX_StandardSurface.uasset" 99
"../../../Engine/Plugins/Interchange/Assets/Content/Functions/MX_StandardSurface.uexp" 100
"../../../Engine/Plugins/Interchange/Assets/Content/Functions/MX_TransmissionSurface.uasset" 101
"../../../Engine/Plugins/Interchange/Assets/Content/Functions/MX_TransmissionSurface.uexp" 102
"../../../Engine/Plugins/Interchange/Assets/Content/Functions/MX_OpenPBR_Translucent.uasset" 103
"../../../Engine/Plugins/Interchange/Assets/Content/Functions/MX_OpenPBR_Translucent.uexp" 104
"../../../Engine/Plugins/Interchange/Assets/Content/Functions/MX_OpenPBR_Opaque.uasset" 105
"../../../Engine/Plugins/Interchange/Assets/Content/Functions/MX_OpenPBR_Opaque.uexp" 106
"../../../Engine/Plugins/Interchange/Assets/Content/Functions/MX_MeasuredEDF.uasset" 107
"../../../Engine/Plugins/Interchange/Assets/Content/Functions/MX_MeasuredEDF.uexp" 108
"../../../Engine/Plugins/Interchange/Assets/Content/Functions/MX_GeneralizedSchlickBSDF.uasset" 109
"../../../Engine/Plugins/Interchange/Assets/Content/Functions/MX_GeneralizedSchlickBSDF.uexp" 110
"../../../Engine/Plugins/Interchange/Assets/Content/Functions/MX_DielectricBSDF.uasset" 111
"../../../Engine/Plugins/Interchange/Assets/Content/Functions/MX_DielectricBSDF.uexp" 112
"../../../Engine/Plugins/Interchange/Assets/Content/Functions/MX_ConicalEDF.uasset" 113
"../../../Engine/Plugins/Interchange/Assets/Content/Functions/MX_ConicalEDF.uexp" 114
"../../../Engine/Plugins/Interchange/Assets/Content/Functions/MX_ConductorBSDF.uasset" 115
"../../../Engine/Plugins/Interchange/Assets/Content/Functions/MX_ConductorBSDF.uexp" 116
"../../../Engine/Plugins/Interchange/Assets/Content/Functions/MX_BurleyDiffuseBSDF.uasset" 117
"../../../Engine/Plugins/Interchange/Assets/Content/Functions/MX_BurleyDiffuseBSDF.uexp" 118
"../../../Engine/Plugins/Interchange/Assets/Content/Functions/MX_AnisotropicVDF.uasset" 119
"../../../Engine/Plugins/Interchange/Assets/Content/Functions/MX_AnisotropicVDF.uexp" 120
"../../../Engine/Plugins/Interchange/Assets/Content/Functions/MX_AbsorptionVDF.uasset" 121
"../../../Engine/Plugins/Interchange/Assets/Content/Functions/MX_AbsorptionVDF.uexp" 122
"../../../Engine/Content/EngineResources/GradientTexture0.uasset" 123
"../../../Engine/Content/EngineResources/GradientTexture0.uexp" 124
"../../../Engine/Content/EngineResources/Black.uasset" 125
"../../../Engine/Content/EngineResources/Black.uexp" 126
"../../../Engine/Content/EngineMaterials/PreintegratedSkinBRDF.uasset" 127
"../../../Engine/Content/EngineMaterials/PreintegratedSkinBRDF.uexp" 128
"../../../Engine/Content/EngineMaterials/MiniFont.uasset" 129
"../../../Engine/Content/EngineMaterials/MiniFont.uexp" 130
"../../../Engine/Content/EngineMaterials/FastBlueNoise_vec2_128x128x64.uasset" 131
"../../../Engine/Content/EngineMaterials/FastBlueNoise_vec2_128x128x64.uexp" 132
"../../../Engine/Content/EngineMaterials/FastBlueNoise_scalar_128x128x64.uasset" 133
"../../../Engine/Content/EngineMaterials/FastBlueNoise_scalar_128x128x64.uexp" 134
"../../../Engine/Content/EngineMaterials/DefaultWhiteGrid.ubulk" 135
"../../../Engine/Content/EngineMaterials/DefaultWhiteGrid.uasset" 136
"../../../Engine/Content/EngineMaterials/DefaultWhiteGrid.uexp" 137
"../../../Engine/Content/EngineMaterials/DefaultBokeh.uasset" 138
"../../../Engine/Content/EngineMaterials/DefaultBokeh.uexp" 139
"../../../Engine/Content/EngineMaterials/DefaultBloomKernel.uasset" 140
"../../../Engine/Content/EngineMaterials/DefaultBloomKernel.uexp" 141
"../../../Engine/Content/EngineDamageTypes/DmgTypeBP_Environmental.uasset" 142
"../../../Engine/Content/EngineDamageTypes/DmgTypeBP_Environmental.uexp" 143
"../../../Engine/Content/EditorResources/S_TriggerSphere.uasset" 144
"../../../Engine/Content/EditorResources/S_TriggerSphere.uexp" 145
"../../../Engine/Content/EditorResources/S_TriggerCapsule.uasset" 146
"../../../Engine/Content/EditorResources/S_TriggerCapsule.uexp" 147
"../../../Engine/Content/EditorResources/S_TriggerBox.uasset" 148
"../../../Engine/Content/EditorResources/S_TriggerBox.uexp" 149
"../../../Engine/Content/EditorResources/S_Trigger.ubulk" 150
"../../../Engine/Content/EditorResources/S_Trigger.uasset" 151
"../../../Engine/Content/EditorResources/S_Trigger.uexp" 152
"../../../Engine/Content/EditorResources/S_Terrain.ubulk" 153
"../../../Engine/Content/EditorResources/S_Terrain.uasset" 154
"../../../Engine/Content/EditorResources/S_Terrain.uexp" 155
"../../../Engine/Content/EditorResources/S_Solver.ubulk" 156
"../../../Engine/Content/EditorResources/S_Solver.uasset" 157
"../../../Engine/Content/EditorResources/S_Solver.uexp" 158
"../../../Engine/Content/EditorResources/EmptyActor.uasset" 159
"../../../Engine/Content/EditorResources/EmptyActor.uexp" 160
"../../../Engine/Content/EditorResources/BSPVertex.uasset" 161
"../../../Engine/Content/EditorResources/BSPVertex.uexp" 162
"../../../Engine/Content/EditorMaterials/ParticleSystems/PSysThumbnail_OOD.ubulk" 163
"../../../Engine/Content/EditorMaterials/ParticleSystems/PSysThumbnail_OOD.uasset" 164
"../../../Engine/Content/EditorMaterials/ParticleSystems/PSysThumbnail_OOD.uexp" 165
"../../../Engine/Content/EditorMaterials/ParticleSystems/PSysThumbnail_NoImage.ubulk" 166
"../../../Engine/Content/EditorMaterials/ParticleSystems/PSysThumbnail_NoImage.uasset" 167
"../../../Engine/Content/EditorMaterials/ParticleSystems/PSysThumbnail_NoImage.uexp" 168
"../../../Engine/Content/EditorLandscapeResources/DefaultAlphaTexture.uasset" 169
"../../../Engine/Content/EditorLandscapeResources/DefaultAlphaTexture.uexp" 170
"../../../Engine/Content/Functions/Engine_MaterialFunctions01/Shading/PowerToRoughness.uasset" 171
"../../../Engine/Content/Functions/Engine_MaterialFunctions01/Shading/PowerToRoughness.uexp" 172
"../../../Engine/Content/Functions/Engine_MaterialFunctions01/Shading/ConvertFromDiffSpec.uasset" 173
"../../../Engine/Content/Functions/Engine_MaterialFunctions01/Shading/ConvertFromDiffSpec.uexp" 174
"../../../Engine/Content/EngineResources/FilmGrains/Marcie_Grain_v3_128_M2_000.uasset" 175
"../../../Engine/Content/EngineResources/FilmGrains/Marcie_Grain_v3_128_M2_000.uexp" 176
"../../../Engine/Content/EngineMaterials/Substrate/Volume/SubstrateSimpleVolumeLUT3D.uasset" 177
"../../../Engine/Content/EngineMaterials/Substrate/Volume/SubstrateSimpleVolumeLUT3D.uexp" 178
"../../../Engine/Content/EngineMaterials/Substrate/Volume/SubstrateSimpleVolumeEnvLUT3D.uasset" 179
"../../../Engine/Content/EngineMaterials/Substrate/Volume/SubstrateSimpleVolumeEnvLUT3D.uexp" 180
"../../../Engine/Content/EngineMaterials/LTC/Sheen_LTC.uasset" 181
"../../../Engine/Content/EngineMaterials/LTC/Sheen_LTC.uexp" 182
"../../../Engine/Content/EngineMaterials/LTC/GGX_LTCMat.uasset" 183
"../../../Engine/Content/EngineMaterials/LTC/GGX_LTCMat.uexp" 184
"../../../Engine/Content/EngineMaterials/LTC/GGX_LTCAmp.uasset" 185
"../../../Engine/Content/EngineMaterials/LTC/GGX_LTCAmp.uexp" 186
"../../../Engine/Content/EngineMaterials/EnergyConservation/Sheen_Energy.uasset" 187
"../../../Engine/Content/EngineMaterials/EnergyConservation/Sheen_Energy.uexp" 188
"../../../Engine/Content/EngineMaterials/EnergyConservation/SheenLegacy_Energy.uasset" 189
"../../../Engine/Content/EngineMaterials/EnergyConservation/SheenLegacy_Energy.uexp" 190
"../../../Engine/Content/EngineMaterials/EnergyConservation/GGX_TransmissionEnergyArray.uasset" 191
"../../../Engine/Content/EngineMaterials/EnergyConservation/GGX_TransmissionEnergyArray.uexp" 192
"../../../Engine/Content/EngineMaterials/EnergyConservation/GGX_ReflectionEnergy.uasset" 193
"../../../Engine/Content/EngineMaterials/EnergyConservation/GGX_ReflectionEnergy.uexp" 194
"../../../Engine/Content/EngineMaterials/EnergyConservation/Diffuse_Energy.uasset" 195
"../../../Engine/Content/EngineMaterials/EnergyConservation/Diffuse_Energy.uexp" 196
"../../../Engine/Content/EditorResources/SequenceRecorder/RecordingIndicator.uasset" 197
"../../../Engine/Content/EditorResources/SequenceRecorder/RecordingIndicator.uexp" 198
"../../../Engine/Content/EditorResources/SequenceRecorder/Countdown.uasset" 199
"../../../Engine/Content/EditorResources/SequenceRecorder/Countdown.uexp" 200
"../../../Engine/Content/EngineMaterials/Substrate/GLints/AGlintTex2dArray.uasset" 201
"../../../Engine/Content/EngineMaterials/Substrate/GLints/AGlintTex2dArray.uexp" 202
"../../../Engine/Content/EngineMaterials/Substrate/GLints2/AGlintTex2dArray2.uasset" 203
"../../../Engine/Content/EngineMaterials/Substrate/GLints2/AGlintTex2dArray2.uexp" 204
"../../../Engine/Content/EditorMaterials/Dataflow/DataflowTwoSidedVertexMaterial.uasset" 205
"../../../Engine/Content/EditorMaterials/Dataflow/DataflowTwoSidedVertexMaterial.uexp" 206
"../../../Engine/Content/EditorMaterials/Dataflow/DataflowVertexMaterial.uasset" 207
"../../../Engine/Content/EditorMaterials/Dataflow/DataflowVertexMaterial.uexp" 208
"../../../Engine/Content/EditorMaterials/PhAT_NoCollisionMaterial.uasset" 209
"../../../Engine/Content/EditorMaterials/PhAT_NoCollisionMaterial.uexp" 210
"../../../Engine/Content/EditorMaterials/PhAT_UnselectedMaterial.uasset" 211
"../../../Engine/Content/EditorMaterials/PhAT_UnselectedMaterial.uexp" 212
"../../../Engine/Content/EditorMaterials/PreviewShadowIndicator.ubulk" 213
"../../../Engine/Content/EditorMaterials/PreviewShadowIndicator.uasset" 214
"../../../Engine/Content/EditorMaterials/PreviewShadowIndicator.uexp" 215
"../../../Engine/Content/EditorMaterials/PreviewShadowIndicatorMaterial.uasset" 216
"../../../Engine/Content/EditorMaterials/PreviewShadowIndicatorMaterial.uexp" 217
"../../../Engine/Content/EngineDebugMaterials/DebugEditorMaterial.uasset" 218
"../../../Engine/Content/EngineDebugMaterials/DebugEditorMaterial.uexp" 219
"../../../Engine/Content/EngineDebugMaterials/DebugMeshMaterial.uasset" 220
"../../../Engine/Content/EngineDebugMaterials/DebugMeshMaterial.uexp" 221
"../../../Engine/Content/EngineDebugMaterials/M_SimpleUnlitTranslucent.uasset" 222
"../../../Engine/Content/EngineDebugMaterials/M_SimpleUnlitTranslucent.uexp" 223
"../../../Engine/Content/Functions/Engine_MaterialFunctions02/Utility/CameraDirectionVector.uasset" 224
"../../../Engine/Content/Functions/Engine_MaterialFunctions02/Utility/CameraDirectionVector.uexp" 225
"../../../Engine/Content/EngineDebugMaterials/VolumeToRender.uasset" 226
"../../../Engine/Content/EngineDebugMaterials/VolumeToRender.uexp" 227
"../../../Engine/Content/EngineDebugMaterials/M_VolumeRenderSphereTracePP.uasset" 228
"../../../Engine/Content/EngineDebugMaterials/M_VolumeRenderSphereTracePP.uexp" 229
"../../../Engine/Content/EngineMaterials/DefaultDiffuse.ubulk" 230
"../../../Engine/Content/EngineMaterials/DefaultDiffuse.uasset" 231
"../../../Engine/Content/EngineMaterials/DefaultDiffuse.uexp" 232
"../../../Engine/Content/EngineMaterials/DefaultDeferredDecalMaterial.uasset" 233
"../../../Engine/Content/EngineMaterials/DefaultDeferredDecalMaterial.uexp" 234
"../../../Engine/Content/EngineMaterials/DefaultLightFunctionMaterial.uasset" 235
"../../../Engine/Content/EngineMaterials/DefaultLightFunctionMaterial.uexp" 236
"../../../Engine/Content/Functions/Engine_MaterialFunctions02/Utility/BreakOutFloat2Components.uasset" 237
"../../../Engine/Content/Functions/Engine_MaterialFunctions02/Utility/BreakOutFloat2Components.uexp" 238
"../../../Engine/Content/EngineMaterials/DefaultPostProcessMaterial.uasset" 239
"../../../Engine/Content/EngineMaterials/DefaultPostProcessMaterial.uexp" 240
"../../../Engine/Content/EngineFonts/RobotoDistanceField.uasset" 241
"../../../Engine/Content/EngineFonts/RobotoDistanceField.uexp" 242
"../../../Engine/Content/EngineMaterials/DefaultTextMaterialOpaque.uasset" 243
"../../../Engine/Content/EngineMaterials/DefaultTextMaterialOpaque.uexp" 244
"../../../Engine/Content/EngineMaterials/DefaultWhiteGrid_Low.uasset" 245
"../../../Engine/Content/EngineMaterials/DefaultWhiteGrid_Low.uexp" 246
"../../../Engine/Content/EngineMaterials/EmissiveMeshMaterial.uasset" 247
"../../../Engine/Content/EngineMaterials/EmissiveMeshMaterial.uexp" 248
"../../../Engine/Content/EngineMaterials/BaseFlattenNormalMap.uasset" 249
"../../../Engine/Content/EngineMaterials/BaseFlattenNormalMap.uexp" 250
"../../../Engine/Content/EngineMaterials/BaseFlattenGrayscaleMap.uasset" 251
"../../../Engine/Content/EngineMaterials/BaseFlattenGrayscaleMap.uexp" 252
"../../../Engine/Content/EngineMaterials/BaseFlattenDiffuseMap.uasset" 253
"../../../Engine/Content/EngineMaterials/BaseFlattenDiffuseMap.uexp" 254
"../../../Engine/Content/Functions/Engine_MaterialFunctions02/PivotPainter2/Black_1x1_EXR_Texture.uasset" 255
"../../../Engine/Content/Functions/Engine_MaterialFunctions02/PivotPainter2/Black_1x1_EXR_Texture.uexp" 256
"../../../Engine/Content/EngineMaterials/BaseFlattenEmissiveMap.uasset" 257
"../../../Engine/Content/EngineMaterials/BaseFlattenEmissiveMap.uexp" 258
"../../../Engine/Content/EngineMaterials/BaseFlattenLinearColor.uasset" 259
"../../../Engine/Content/EngineMaterials/BaseFlattenLinearColor.uexp" 260
"../../../Engine/Content/EngineMaterials/FlattenMaterial.uasset" 261
"../../../Engine/Content/EngineMaterials/FlattenMaterial.uexp" 262
"../../../Engine/Content/EngineMaterials/BaseFlattenEmissiveMap_VT.uasset" 263
"../../../Engine/Content/EngineMaterials/BaseFlattenEmissiveMap_VT.uexp" 264
"../../../Engine/Content/EngineMaterials/BaseFlattenGrayscaleMap_VT.uasset" 265
"../../../Engine/Content/EngineMaterials/BaseFlattenGrayscaleMap_VT.uexp" 266
"../../../Engine/Content/EngineMaterials/BaseFlattenLinearColor_VT.uasset" 267
"../../../Engine/Content/EngineMaterials/BaseFlattenLinearColor_VT.uexp" 268
"../../../Engine/Content/EngineMaterials/Black_1x1_EXR_Texture_VT.uasset" 269
"../../../Engine/Content/EngineMaterials/Black_1x1_EXR_Texture_VT.uexp" 270
"../../../Engine/Content/EngineMaterials/BaseFlattenDiffuseMap_VT.uasset" 271
"../../../Engine/Content/EngineMaterials/BaseFlattenDiffuseMap_VT.uexp" 272
"../../../Engine/Content/EngineMaterials/BaseFlattenNormalMap_VT.uasset" 273
"../../../Engine/Content/EngineMaterials/BaseFlattenNormalMap_VT.uexp" 274
"../../../Engine/Content/EngineMaterials/FlattenMaterial_VT.uasset" 275
"../../../Engine/Content/EngineMaterials/FlattenMaterial_VT.uexp" 276
"../../../Engine/Content/EngineMaterials/FlattenMaterial_WS_Normal_VT.uasset" 277
"../../../Engine/Content/EngineMaterials/FlattenMaterial_WS_Normal_VT.uexp" 278
"../../../Engine/Content/EngineMaterials/GizmoMaterial.uasset" 279
"../../../Engine/Content/EngineMaterials/GizmoMaterial.uexp" 280
"../../../Engine/Content/EngineMaterials/InvalidLightmapSettings.ubulk" 281
"../../../Engine/Content/EngineMaterials/InvalidLightmapSettings.uasset" 282
"../../../Engine/Content/EngineMaterials/InvalidLightmapSettings.uexp" 283
"../../../Engine/Content/EngineMaterials/M_InvalidLightmapSettings.uasset" 284
"../../../Engine/Content/EngineMaterials/M_InvalidLightmapSettings.uexp" 285
"../../../Engine/Content/EngineMaterials/NaniteHiddenSectionMaterial.uasset" 286
"../../../Engine/Content/EngineMaterials/NaniteHiddenSectionMaterial.uexp" 287
"../../../Engine/Content/Functions/Engine_MaterialFunctions02/WorldPositionOffset/CameraOffset.uasset" 288
"../../../Engine/Content/Functions/Engine_MaterialFunctions02/WorldPositionOffset/CameraOffset.uexp" 289
"../../../Engine/Content/EngineMaterials/PhAT_JointLimitMaterial.uasset" 290
"../../../Engine/Content/EngineMaterials/PhAT_JointLimitMaterial.uexp" 291
"../../../Engine/Content/EngineMaterials/DefaultCalibrationColor.uasset" 292
"../../../Engine/Content/EngineMaterials/DefaultCalibrationColor.uexp" 293
"../../../Engine/Content/EngineMaterials/PPM_DefaultCalibrationColor.uasset" 294
"../../../Engine/Content/EngineMaterials/PPM_DefaultCalibrationColor.uexp" 295
"../../../Engine/Content/EngineMaterials/DefaultCalibrationGrayscale.uasset" 296
"../../../Engine/Content/EngineMaterials/DefaultCalibrationGrayscale.uexp" 297
"../../../Engine/Content/EngineMaterials/PPM_DefaultCalibrationGrayscale.uasset" 298
"../../../Engine/Content/EngineMaterials/PPM_DefaultCalibrationGrayscale.uexp" 299
"../../../Engine/Content/EngineMaterials/RemoveSurfaceMaterial.uasset" 300
"../../../Engine/Content/EngineMaterials/RemoveSurfaceMaterial.uexp" 301
"../../../Engine/Content/EngineMaterials/WeightMapPlaceholderTexture.uasset" 302
"../../../Engine/Content/EngineMaterials/WeightMapPlaceholderTexture.uexp" 303
"../../../Engine/Content/EngineMaterials/WeightMapArrayPlaceholderTexture.uasset" 304
"../../../Engine/Content/EngineMaterials/WeightMapArrayPlaceholderTexture.uexp" 305
"../../../Engine/Plugins/Animation/ControlRig/Content/Controls/ControlRigGizmoMaterial.uasset" 306
"../../../Engine/Plugins/Animation/ControlRig/Content/Controls/ControlRigGizmoMaterial.uexp" 307
"../../../Engine/Plugins/Animation/ControlRig/Content/Controls/ControlRigXRayMaterial.uasset" 308
"../../../Engine/Plugins/Animation/ControlRig/Content/Controls/ControlRigXRayMaterial.uexp" 309
"../../../Engine/Plugins/Editor/SpeedTreeImporter/Content/SpeedTree9/game_wind_noise.ubulk" 310
"../../../Engine/Plugins/Editor/SpeedTreeImporter/Content/SpeedTree9/game_wind_noise.uasset" 311
"../../../Engine/Plugins/Editor/SpeedTreeImporter/Content/SpeedTree9/game_wind_noise.uexp" 312
"../../../Engine/Plugins/Editor/SpeedTreeImporter/Content/SpeedTree9/UnpackDirection.uasset" 313
"../../../Engine/Plugins/Editor/SpeedTreeImporter/Content/SpeedTree9/UnpackDirection.uexp" 314
"../../../Engine/Content/Functions/Engine_MaterialFunctions02/ObjectLocalBounds.uasset" 315
"../../../Engine/Content/Functions/Engine_MaterialFunctions02/ObjectLocalBounds.uexp" 316
"../../../Engine/Content/Functions/Engine_MaterialFunctions02/Utility/BreakOutFloat3Components.uasset" 317
"../../../Engine/Content/Functions/Engine_MaterialFunctions02/Utility/BreakOutFloat3Components.uexp" 318
"../../../Engine/Content/Functions/Engine_MaterialFunctions02/UVs/BoundingBoxBased_0-1_UVW.uasset" 319
"../../../Engine/Content/Functions/Engine_MaterialFunctions02/UVs/BoundingBoxBased_0-1_UVW.uexp" 320
"../../../Engine/Plugins/Editor/SpeedTreeImporter/Content/SpeedTree9/SpeedTreeBillboard.uasset" 321
"../../../Engine/Plugins/Editor/SpeedTreeImporter/Content/SpeedTree9/SpeedTreeBillboard.uexp" 322
"../../../Engine/Content/Functions/Engine_MaterialFunctions02/Utility/VectorLength.uasset" 323
"../../../Engine/Content/Functions/Engine_MaterialFunctions02/Utility/VectorLength.uexp" 324
"../../../Engine/Plugins/Editor/SpeedTreeImporter/Content/SpeedTree9/UnpackInteger3.uasset" 325
"../../../Engine/Plugins/Editor/SpeedTreeImporter/Content/SpeedTree9/UnpackInteger3.uexp" 326
"../../../Engine/Content/Functions/Engine_MaterialFunctions02/WorldPositionOffset/ObjectScale.uasset" 327
"../../../Engine/Content/Functions/Engine_MaterialFunctions02/WorldPositionOffset/ObjectScale.uexp" 328
"../../../Engine/Content/Functions/Engine_MaterialFunctions02/SafeNormalize.uasset" 329
"../../../Engine/Content/Functions/Engine_MaterialFunctions02/SafeNormalize.uexp" 330
"../../../Engine/Plugins/Editor/SpeedTreeImporter/Content/SpeedTree9/SpeedTreeWindMotion.uasset" 331
"../../../Engine/Plugins/Editor/SpeedTreeImporter/Content/SpeedTree9/SpeedTreeWindMotion.uexp" 332
"../../../Engine/Plugins/Editor/SpeedTreeImporter/Content/SpeedTree9/SpeedTreeBranchMotion.uasset" 333
"../../../Engine/Plugins/Editor/SpeedTreeImporter/Content/SpeedTree9/SpeedTreeBranchMotion.uexp" 334
"../../../Engine/Plugins/Editor/SpeedTreeImporter/Content/SpeedTree9/SpeedTreeWind.uasset" 335
"../../../Engine/Plugins/Editor/SpeedTreeImporter/Content/SpeedTree9/SpeedTreeWind.uexp" 336
"../../../Engine/Plugins/Editor/SpeedTreeImporter/Content/SpeedTree9/EmptyNormal.uasset" 337
"../../../Engine/Plugins/Editor/SpeedTreeImporter/Content/SpeedTree9/EmptyNormal.uexp" 338
"../../../Engine/Plugins/Editor/SpeedTreeImporter/Content/SpeedTree9/Empty.uasset" 339
"../../../Engine/Plugins/Editor/SpeedTreeImporter/Content/SpeedTree9/Empty.uexp" 340
"../../../Engine/Plugins/Editor/SpeedTreeImporter/Content/SpeedTree9/SpeedTreeBillboardMaster.uasset" 341
"../../../Engine/Plugins/Editor/SpeedTreeImporter/Content/SpeedTree9/SpeedTreeBillboardMaster.uexp" 342
"../../../Engine/Plugins/Editor/SpeedTreeImporter/Content/SpeedTree9/SpeedTreeCameraFacing.uasset" 343
"../../../Engine/Plugins/Editor/SpeedTreeImporter/Content/SpeedTree9/SpeedTreeCameraFacing.uexp" 344
"../../../Engine/Plugins/Editor/SpeedTreeImporter/Content/SpeedTree9/SpeedTreeMaster.uasset" 345
"../../../Engine/Plugins/Editor/SpeedTreeImporter/Content/SpeedTree9/SpeedTreeMaster.uexp" 346
"../../../Engine/Plugins/Runtime/HairStrands/Content/Materials/HairCardsDefaultMaterial.uasset" 347
"../../../Engine/Plugins/Runtime/HairStrands/Content/Materials/HairCardsDefaultMaterial.uexp" 348
"../../../Engine/Plugins/Runtime/HairStrands/Content/Materials/HairGroupColors.uasset" 349
"../../../Engine/Plugins/Runtime/HairStrands/Content/Materials/HairGroupColors.uexp" 350
"../../../Engine/Content/Functions/Engine_MaterialFunctions02/Utility/MakeFloat2.uasset" 351
"../../../Engine/Content/Functions/Engine_MaterialFunctions02/Utility/MakeFloat2.uexp" 352
"../../../Engine/Content/Functions/Engine_MaterialFunctions02/Utility/MakeFloat3.uasset" 353
"../../../Engine/Content/Functions/Engine_MaterialFunctions02/Utility/MakeFloat3.uexp" 354
"../../../Engine/Content/EngineMaterials/HairColorMap.uasset" 355
"../../../Engine/Content/EngineMaterials/HairColorMap.uexp" 356
"../../../Engine/Content/EngineMaterials/HairDebugColor.uasset" 357
"../../../Engine/Content/EngineMaterials/HairDebugColor.uexp" 358
"../../../Engine/Plugins/Runtime/HairStrands/Content/Materials/HairDebugMaterial.uasset" 359
"../../../Engine/Plugins/Runtime/HairStrands/Content/Materials/HairDebugMaterial.uexp" 360
"../../../Engine/Plugins/Runtime/HairStrands/Content/Materials/HairDefaultMaterial.uasset" 361
"../../../Engine/Plugins/Runtime/HairStrands/Content/Materials/HairDefaultMaterial.uexp" 362
"../../../Engine/Plugins/Runtime/HairStrands/Content/Materials/HairMeshesDefaultMaterial.uasset" 363
"../../../Engine/Plugins/Runtime/HairStrands/Content/Materials/HairMeshesDefaultMaterial.uexp" 364
"../../../Engine/Plugins/Runtime/MeshModelingToolset/Content/Materials/M_DynamicMeshComponentVtxColor.uasset" 365
"../../../Engine/Plugins/Runtime/MeshModelingToolset/Content/Materials/M_DynamicMeshComponentVtxColor.uexp" 366
"../../../Engine/Plugins/Animation/ControlRig/Content/M_Manip.uasset" 367
"../../../Engine/Plugins/Animation/ControlRig/Content/M_Manip.uexp" 368
"../../../Engine/Plugins/NNE/NNEDenoiser/Content/NNEDIM_ColorAlbedoNormal_Alpha.uasset" 369
"../../../Engine/Plugins/NNE/NNEDenoiser/Content/NNEDIM_ColorAlbedoNormal_Alpha.uexp" 370
"../../../Engine/Plugins/NNE/NNEDenoiser/Content/NNEDIM_ColorAlbedoNormal_Default.uasset" 371
"../../../Engine/Plugins/NNE/NNEDenoiser/Content/NNEDIM_ColorAlbedoNormal_Default.uexp" 372
"../../../Engine/Plugins/NNE/NNEDenoiser/Content/NNEDIM_HighQuality_Alpha.uasset" 373
"../../../Engine/Plugins/NNE/NNEDenoiser/Content/NNEDIM_HighQuality_Alpha.uexp" 374
"../../../Engine/Plugins/NNE/NNEDenoiser/Content/NNEDIM_HighQuality_Default.uasset" 375
"../../../Engine/Plugins/NNE/NNEDenoiser/Content/NNEDIM_HighQuality_Default.uexp" 376
"../../../Engine/Plugins/NNE/NNEDenoiser/Content/NNEDOM_Output_Alpha.uasset" 377
"../../../Engine/Plugins/NNE/NNEDenoiser/Content/NNEDOM_Output_Alpha.uexp" 378
"../../../Engine/Plugins/NNE/NNEDenoiser/Content/NNEDOM_Output_Default.uasset" 379
"../../../Engine/Plugins/NNE/NNEDenoiser/Content/NNEDOM_Output_Default.uexp" 380
"../../../Engine/Plugins/NNE/NNEDenoiser/Content/NNEDTIM_ColorAlbedoNormal_Alpha.uasset" 381
"../../../Engine/Plugins/NNE/NNEDenoiser/Content/NNEDTIM_ColorAlbedoNormal_Alpha.uexp" 382
"../../../Engine/Plugins/NNE/NNEDenoiser/Content/NNEDTIM_ColorAlbedoNormal_Default.uasset" 383
"../../../Engine/Plugins/NNE/NNEDenoiser/Content/NNEDTIM_ColorAlbedoNormal_Default.uexp" 384
"../../../Engine/Plugins/NNE/NNEDenoiser/Content/NNEDTOM_Output_Alpha.uasset" 385
"../../../Engine/Plugins/NNE/NNEDenoiser/Content/NNEDTOM_Output_Alpha.uexp" 386
"../../../Engine/Plugins/NNE/NNEDenoiser/Content/NNEDTOM_Output_Default.uasset" 387
"../../../Engine/Plugins/NNE/NNEDenoiser/Content/NNEDTOM_Output_Default.uexp" 388
"../../../Engine/Content/EngineMeshes/Sphere.ubulk" 389
"../../../Engine/Content/EngineMeshes/Sphere.uasset" 390
"../../../Engine/Content/EngineMeshes/Sphere.uexp" 391
"../../../Engine/Content/VREditor/TransformGizmo/Main.uasset" 392
"../../../Engine/Content/VREditor/TransformGizmo/Main.uexp" 393
"../../../Engine/Content/VREditor/TransformGizmo/Xray.uasset" 394
"../../../Engine/Content/VREditor/TransformGizmo/Xray.uexp" 395
"../../../Engine/Content/VREditor/TransformGizmo/SM_Sequencer_Node.ubulk" 396
"../../../Engine/Content/VREditor/TransformGizmo/SM_Sequencer_Node.uasset" 397
"../../../Engine/Content/VREditor/TransformGizmo/SM_Sequencer_Node.uexp" 398
"../../../Engine/Content/EngineMaterials/T_Default_Material_Grid_M.ubulk" 399
"../../../Engine/Content/EngineMaterials/T_Default_Material_Grid_M.uasset" 400
"../../../Engine/Content/EngineMaterials/T_Default_Material_Grid_M.uexp" 401
"../../../Engine/Content/EngineMaterials/T_Default_Material_Grid_N.ubulk" 402
"../../../Engine/Content/EngineMaterials/T_Default_Material_Grid_N.uasset" 403
"../../../Engine/Content/EngineMaterials/T_Default_Material_Grid_N.uexp" 404
"../../../Engine/Content/Functions/Engine_MaterialFunctions01/Opacity/CameraDepthFade.uasset" 405
"../../../Engine/Content/Functions/Engine_MaterialFunctions01/Opacity/CameraDepthFade.uexp" 406
"../../../Engine/Content/EngineMaterials/WorldGridMaterial.uasset" 407
"../../../Engine/Content/EngineMaterials/WorldGridMaterial.uexp" 408
"../../../Engine/Content/ArtTools/RenderToTexture/Meshes/S_1_Unit_Plane.ubulk" 409
"../../../Engine/Content/ArtTools/RenderToTexture/Meshes/S_1_Unit_Plane.uasset" 410
"../../../Engine/Content/ArtTools/RenderToTexture/Meshes/S_1_Unit_Plane.uexp" 411
"../../../Engine/Content/EditorMaterials/Camera/CineMat.uasset" 412
"../../../Engine/Content/EditorMaterials/Camera/CineMat.uexp" 413
"../../../Engine/Content/EditorMaterials/Camera/MI_CineMat_Rig.uasset" 414
"../../../Engine/Content/EditorMaterials/Camera/MI_CineMat_Rig.uexp" 415
"../../../Engine/Content/EditorMeshes/Camera/SM_CraneRig_Arm.ubulk" 416
"../../../Engine/Content/EditorMeshes/Camera/SM_CraneRig_Arm.uasset" 417
"../../../Engine/Content/EditorMeshes/Camera/SM_CraneRig_Arm.uexp" 418
"../../../Engine/Content/EditorMeshes/Camera/SM_CraneRig_Base.ubulk" 419
"../../../Engine/Content/EditorMeshes/Camera/SM_CraneRig_Base.uasset" 420
"../../../Engine/Content/EditorMeshes/Camera/SM_CraneRig_Base.uexp" 421
"../../../Engine/Content/EditorMeshes/Camera/SM_CraneRig_Body.ubulk" 422
"../../../Engine/Content/EditorMeshes/Camera/SM_CraneRig_Body.uasset" 423
"../../../Engine/Content/EditorMeshes/Camera/SM_CraneRig_Body.uexp" 424
"../../../Engine/Content/EditorMeshes/Camera/SM_CraneRig_Mount.ubulk" 425
"../../../Engine/Content/EditorMeshes/Camera/SM_CraneRig_Mount.uasset" 426
"../../../Engine/Content/EditorMeshes/Camera/SM_CraneRig_Mount.uexp" 427
"../../../Engine/Content/EditorMeshes/Camera/SM_RailRig_Mount.ubulk" 428
"../../../Engine/Content/EditorMeshes/Camera/SM_RailRig_Mount.uasset" 429
"../../../Engine/Content/EditorMeshes/Camera/SM_RailRig_Mount.uexp" 430
"../../../Engine/Content/EditorMeshes/Camera/SM_RailRig_Track.ubulk" 431
"../../../Engine/Content/EditorMeshes/Camera/SM_RailRig_Track.uasset" 432
"../../../Engine/Content/EditorMeshes/Camera/SM_RailRig_Track.uexp" 433
"../../../Engine/Content/EngineSky/VolumetricClouds/T_CloudMask.ubulk" 434
"../../../Engine/Content/EngineSky/VolumetricClouds/T_CloudMask.uasset" 435
"../../../Engine/Content/EngineSky/VolumetricClouds/T_CloudMask.uexp" 436
"../../../Engine/Content/EngineSky/VolumetricClouds/VT_Lightning.uasset" 437
"../../../Engine/Content/EngineSky/VolumetricClouds/VT_Lightning.uexp" 438
"../../../Engine/Content/EngineSky/VolumetricClouds/T_Profile_08.ubulk" 439
"../../../Engine/Content/EngineSky/VolumetricClouds/T_Profile_08.uasset" 440
"../../../Engine/Content/EngineSky/VolumetricClouds/T_Profile_08.uexp" 441
"../../../Engine/Content/Functions/Engine_MaterialFunctions02/Utility/MakeFloat4.uasset" 442
"../../../Engine/Content/Functions/Engine_MaterialFunctions02/Utility/MakeFloat4.uexp" 443
"../../../Engine/Content/Functions/Engine_MaterialFunctions01/Units/Km-to-Cm.uasset" 444
"../../../Engine/Content/Functions/Engine_MaterialFunctions01/Units/Km-to-Cm.uexp" 445
"../../../Engine/Content/Functions/Engine_MaterialFunctions02/Utility/BreakOutFloat4Components.uasset" 446
"../../../Engine/Content/Functions/Engine_MaterialFunctions02/Utility/BreakOutFloat4Components.uexp" 447
"../../../Engine/Content/EngineSky/VolumetricClouds/T_CloudPattern.ubulk" 448
"../../../Engine/Content/EngineSky/VolumetricClouds/T_CloudPattern.uasset" 449
"../../../Engine/Content/EngineSky/VolumetricClouds/T_CloudPattern.uexp" 450
"../../../Engine/Content/EngineSky/VolumetricClouds/VT_PerlinWorley_Balanced.uasset" 451
"../../../Engine/Content/EngineSky/VolumetricClouds/VT_PerlinWorley_Balanced.uexp" 452
"../../../Engine/Content/EngineSky/VolumetricClouds/m_SimpleVolumetricCloud.uasset" 453
"../../../Engine/Content/EngineSky/VolumetricClouds/m_SimpleVolumetricCloud.uexp" 454
"../../../Engine/Content/EngineSky/VolumetricClouds/m_SimpleVolumetricCloud_Inst.uasset" 455
"../../../Engine/Content/EngineSky/VolumetricClouds/m_SimpleVolumetricCloud_Inst.uexp" 456
"../../../Engine/Content/VREditor/LaserPointer/VR_LaserPower_01.ubulk" 457
"../../../Engine/Content/VREditor/LaserPointer/VR_LaserPower_01.uasset" 458
"../../../Engine/Content/VREditor/LaserPointer/VR_LaserPower_01.uexp" 459
"../../../Engine/Content/VREditor/TransformGizmo/TransformGizmoMaterial.uasset" 460
"../../../Engine/Content/VREditor/TransformGizmo/TransformGizmoMaterial.uexp" 461
"../../../Engine/Content/VREditor/TransformGizmo/TranslucentTransformGizmoMaterial.uasset" 462
"../../../Engine/Content/VREditor/TransformGizmo/TranslucentTransformGizmoMaterial.uexp" 463
"../../../Engine/Content/VREditor/TransformGizmo/BoundingBoxCorner.ubulk" 464
"../../../Engine/Content/VREditor/TransformGizmo/BoundingBoxCorner.uasset" 465
"../../../Engine/Content/VREditor/TransformGizmo/BoundingBoxCorner.uexp" 466
"../../../Engine/Content/VREditor/TransformGizmo/BoundingBoxEdge.ubulk" 467
"../../../Engine/Content/VREditor/TransformGizmo/BoundingBoxEdge.uasset" 468
"../../../Engine/Content/VREditor/TransformGizmo/BoundingBoxEdge.uexp" 469
"../../../Engine/Content/Functions/Engine_MaterialFunctions02/Math/Transform3x3Matrix.uasset" 470
"../../../Engine/Content/Functions/Engine_MaterialFunctions02/Math/Transform3x3Matrix.uexp" 471
"../../../Engine/Plugins/Interchange/Assets/Content/gltf/Textures/T_White_srgb.uasset" 472
"../../../Engine/Plugins/Interchange/Assets/Content/gltf/Textures/T_White_srgb.uexp" 473
"../../../Engine/Plugins/Interchange/Assets/Content/gltf/MaterialFunctions/MF_Specular.uasset" 474
"../../../Engine/Plugins/Interchange/Assets/Content/gltf/MaterialFunctions/MF_Specular.uexp" 475
"../../../Engine/Plugins/Interchange/Assets/Content/gltf/Textures/T_Anisotropy_Direction_Linear.uasset" 476
"../../../Engine/Plugins/Interchange/Assets/Content/gltf/Textures/T_Anisotropy_Direction_Linear.uexp" 477
"../../../Engine/Plugins/Interchange/Assets/Content/gltf/MaterialFunctions/MF_SpecularAnisotropy.uasset" 478
"../../../Engine/Plugins/Interchange/Assets/Content/gltf/MaterialFunctions/MF_SpecularAnisotropy.uexp" 479
"../../../Engine/Plugins/Interchange/Assets/Content/gltf/Textures/T_White_Linear.uasset" 480
"../../../Engine/Plugins/Interchange/Assets/Content/gltf/Textures/T_White_Linear.uexp" 481
"../../../Engine/Plugins/Interchange/Assets/Content/gltf/MaterialFunctions/MF_MetallicRoughness.uasset" 482
"../../../Engine/Plugins/Interchange/Assets/Content/gltf/MaterialFunctions/MF_MetallicRoughness.uexp" 483
"../../../Engine/Plugins/Interchange/Assets/Content/gltf/Textures/T_Generic_N.uasset" 484
"../../../Engine/Plugins/Interchange/Assets/Content/gltf/Textures/T_Generic_N.uexp" 485
"../../../Engine/Plugins/Interchange/Assets/Content/gltf/MaterialFunctions/MF_ScaleNormal.uasset" 486
"../../../Engine/Plugins/Interchange/Assets/Content/gltf/MaterialFunctions/MF_ScaleNormal.uexp" 487
"../../../Engine/Plugins/Interchange/Assets/Content/gltf/MaterialFunctions/MF_BaseColor.uasset" 488
"../../../Engine/Plugins/Interchange/Assets/Content/gltf/MaterialFunctions/MF_BaseColor.uexp" 489
"../../../Engine/Plugins/Interchange/Assets/Content/gltf/MaterialFunctions/MF_Iridescence.uasset" 490
"../../../Engine/Plugins/Interchange/Assets/Content/gltf/MaterialFunctions/MF_Iridescence.uexp" 491
"../../../Engine/Plugins/Interchange/Assets/Content/gltf/MaterialFunctions/MF_Occlusion.uasset" 492
"../../../Engine/Plugins/Interchange/Assets/Content/gltf/MaterialFunctions/MF_Occlusion.uexp" 493
"../../../Engine/Plugins/Interchange/Assets/Content/gltf/MaterialFunctions/MF_IOR.uasset" 494
"../../../Engine/Plugins/Interchange/Assets/Content/gltf/MaterialFunctions/MF_IOR.uexp" 495
"../../../Engine/Plugins/Interchange/Assets/Content/gltf/MaterialFunctions/MF_RotateV2.uasset" 496
"../../../Engine/Plugins/Interchange/Assets/Content/gltf/MaterialFunctions/MF_RotateV2.uexp" 497
"../../../Engine/Plugins/Interchange/Assets/Content/gltf/MaterialFunctions/MF_TransformUVs.uasset" 498
"../../../Engine/Plugins/Interchange/Assets/Content/gltf/MaterialFunctions/MF_TransformUVs.uexp" 499
"../../../Engine/Plugins/Interchange/Assets/Content/gltf/MaterialFunctions/MF_Emissive.uasset" 500
"../../../Engine/Plugins/Interchange/Assets/Content/gltf/MaterialFunctions/MF_Emissive.uexp" 501
"../../../Engine/Plugins/Interchange/Assets/Content/gltf/MaterialFunctions/MF_RotateNormals_TS.uasset" 502
"../../../Engine/Plugins/Interchange/Assets/Content/gltf/MaterialFunctions/MF_RotateNormals_TS.uexp" 503
"../../../Engine/Plugins/Interchange/Assets/Content/gltf/MaterialFunctions/MF_Normals.uasset" 504
"../../../Engine/Plugins/Interchange/Assets/Content/gltf/MaterialFunctions/MF_Normals.uexp" 505
"../../../Engine/Content/Functions/Engine_MaterialFunctions01/Texturing/FlattenNormal.uasset" 506
"../../../Engine/Content/Functions/Engine_MaterialFunctions01/Texturing/FlattenNormal.uexp" 507
"../../../Engine/Plugins/Interchange/Assets/Content/gltf/MaterialFunctions/MF_Clearcoat.uasset" 508
"../../../Engine/Plugins/Interchange/Assets/Content/gltf/MaterialFunctions/MF_Clearcoat.uexp" 509
"../../../Engine/Plugins/Interchange/Assets/Content/gltf/MaterialBodies/MF_ClearCoat_Body.uasset" 510
"../../../Engine/Plugins/Interchange/Assets/Content/gltf/MaterialBodies/MF_ClearCoat_Body.uexp" 511
"../../../Engine/Plugins/Interchange/Assets/Content/gltf/M_ClearCoat.uasset" 512
"../../../Engine/Plugins/Interchange/Assets/Content/gltf/M_ClearCoat.uexp" 513
"../../../Engine/Plugins/Interchange/Assets/Content/gltf/MaterialInstances/MI_ClearCoat_Blend.uasset" 514
"../../../Engine/Plugins/Interchange/Assets/Content/gltf/MaterialInstances/MI_ClearCoat_Blend.uexp" 515
"../../../Engine/Plugins/Interchange/Assets/Content/gltf/MaterialInstances/MI_ClearCoat_Blend_DS.uasset" 516
"../../../Engine/Plugins/Interchange/Assets/Content/gltf/MaterialInstances/MI_ClearCoat_Blend_DS.uexp" 517
"../../../Engine/Plugins/Interchange/Assets/Content/gltf/MaterialInstances/MI_ClearCoat_Mask.uasset" 518
"../../../Engine/Plugins/Interchange/Assets/Content/gltf/MaterialInstances/MI_ClearCoat_Mask.uexp" 519
"../../../Engine/Plugins/Interchange/Assets/Content/gltf/MaterialInstances/MI_ClearCoat_Mask_DS.uasset" 520
"../../../Engine/Plugins/Interchange/Assets/Content/gltf/MaterialInstances/MI_ClearCoat_Mask_DS.uexp" 521
"../../../Engine/Plugins/Interchange/Assets/Content/gltf/MaterialInstances/MI_ClearCoat_Opaque.uasset" 522
"../../../Engine/Plugins/Interchange/Assets/Content/gltf/MaterialInstances/MI_ClearCoat_Opaque.uexp" 523
"../../../Engine/Plugins/Interchange/Assets/Content/gltf/MaterialInstances/MI_ClearCoat_Opaque_DS.uasset" 524
"../../../Engine/Plugins/Interchange/Assets/Content/gltf/MaterialInstances/MI_ClearCoat_Opaque_DS.uexp" 525
"../../../Engine/Plugins/Interchange/Assets/Content/gltf/MaterialBodies/MF_Default_Body.uasset" 526
"../../../Engine/Plugins/Interchange/Assets/Content/gltf/MaterialBodies/MF_Default_Body.uexp" 527
"../../../Engine/Plugins/Interchange/Assets/Content/gltf/M_Default.uasset" 528
"../../../Engine/Plugins/Interchange/Assets/Content/gltf/M_Default.uexp" 529
"../../../Engine/Plugins/Interchange/Assets/Content/gltf/MaterialInstances/MI_Default_Blend.uasset" 530
"../../../Engine/Plugins/Interchange/Assets/Content/gltf/MaterialInstances/MI_Default_Blend.uexp" 531
"../../../Engine/Plugins/Interchange/Assets/Content/gltf/MaterialInstances/MI_Default_Blend_DS.uasset" 532
"../../../Engine/Plugins/Interchange/Assets/Content/gltf/MaterialInstances/MI_Default_Blend_DS.uexp" 533
"../../../Engine/Plugins/Interchange/Assets/Content/gltf/MaterialInstances/MI_Default_Mask.uasset" 534
"../../../Engine/Plugins/Interchange/Assets/Content/gltf/MaterialInstances/MI_Default_Mask.uexp" 535
"../../../Engine/Plugins/Interchange/Assets/Content/gltf/MaterialInstances/MI_Default_Mask_DS.uasset" 536
"../../../Engine/Plugins/Interchange/Assets/Content/gltf/MaterialInstances/MI_Default_Mask_DS.uexp" 537
"../../../Engine/Plugins/Interchange/Assets/Content/gltf/MaterialInstances/MI_Default_Opaque.uasset" 538
"../../../Engine/Plugins/Interchange/Assets/Content/gltf/MaterialInstances/MI_Default_Opaque.uexp" 539
"../../../Engine/Plugins/Interchange/Assets/Content/gltf/MaterialInstances/MI_Default_Opaque_DS.uasset" 540
"../../../Engine/Plugins/Interchange/Assets/Content/gltf/MaterialInstances/MI_Default_Opaque_DS.uexp" 541
"../../../Engine/Plugins/Interchange/Assets/Content/gltf/MaterialFunctions/MF_Sheen.uasset" 542
"../../../Engine/Plugins/Interchange/Assets/Content/gltf/MaterialFunctions/MF_Sheen.uexp" 543
"../../../Engine/Plugins/Interchange/Assets/Content/gltf/MaterialBodies/MF_Sheen_Body.uasset" 544
"../../../Engine/Plugins/Interchange/Assets/Content/gltf/MaterialBodies/MF_Sheen_Body.uexp" 545
"../../../Engine/Plugins/Interchange/Assets/Content/gltf/M_Sheen.uasset" 546
"../../../Engine/Plugins/Interchange/Assets/Content/gltf/M_Sheen.uexp" 547
"../../../Engine/Plugins/Interchange/Assets/Content/gltf/MaterialInstances/MI_Sheen_Blend.uasset" 548
"../../../Engine/Plugins/Interchange/Assets/Content/gltf/MaterialInstances/MI_Sheen_Blend.uexp" 549
"../../../Engine/Plugins/Interchange/Assets/Content/gltf/MaterialInstances/MI_Sheen_Blend_DS.uasset" 550
"../../../Engine/Plugins/Interchange/Assets/Content/gltf/MaterialInstances/MI_Sheen_Blend_DS.uexp" 551
"../../../Engine/Plugins/Interchange/Assets/Content/gltf/MaterialInstances/MI_Sheen_Mask.uasset" 552
"../../../Engine/Plugins/Interchange/Assets/Content/gltf/MaterialInstances/MI_Sheen_Mask.uexp" 553
"../../../Engine/Plugins/Interchange/Assets/Content/gltf/MaterialInstances/MI_Sheen_Mask_DS.uasset" 554
"../../../Engine/Plugins/Interchange/Assets/Content/gltf/MaterialInstances/MI_Sheen_Mask_DS.uexp" 555
"../../../Engine/Plugins/Interchange/Assets/Content/gltf/MaterialInstances/MI_Sheen_Opaque.uasset" 556
"../../../Engine/Plugins/Interchange/Assets/Content/gltf/MaterialInstances/MI_Sheen_Opaque.uexp" 557
"../../../Engine/Plugins/Interchange/Assets/Content/gltf/MaterialInstances/MI_Sheen_Opaque_DS.uasset" 558
"../../../Engine/Plugins/Interchange/Assets/Content/gltf/MaterialInstances/MI_Sheen_Opaque_DS.uexp" 559
"../../../Engine/Content/Functions/Engine_MaterialFunctions02/Math/AddComponents.uasset" 560
"../../../Engine/Content/Functions/Engine_MaterialFunctions02/Math/AddComponents.uexp" 561
"../../../Engine/Plugins/Interchange/Assets/Content/gltf/MaterialFunctions/MF_DiffuseSpecGloss.uasset" 562
"../../../Engine/Plugins/Interchange/Assets/Content/gltf/MaterialFunctions/MF_DiffuseSpecGloss.uexp" 563
"../../../Engine/Plugins/Interchange/Assets/Content/gltf/MaterialFunctions/MF_PerceivedBrightness.uasset" 564
"../../../Engine/Plugins/Interchange/Assets/Content/gltf/MaterialFunctions/MF_PerceivedBrightness.uexp" 565
"../../../Engine/Plugins/Interchange/Assets/Content/gltf/MaterialFunctions/MF_SpecGlossToMetalRoughness.uasset" 566
"../../../Engine/Plugins/Interchange/Assets/Content/gltf/MaterialFunctions/MF_SpecGlossToMetalRoughness.uexp" 567
"../../../Engine/Plugins/Interchange/Assets/Content/gltf/MaterialFunctions/MF_MaxComponentValue.uasset" 568
"../../../Engine/Plugins/Interchange/Assets/Content/gltf/MaterialFunctions/MF_MaxComponentValue.uexp" 569
"../../../Engine/Plugins/Interchange/Assets/Content/gltf/MaterialBodies/MF_SpecularGlossiness_Body.uasset" 570
"../../../Engine/Plugins/Interchange/Assets/Content/gltf/MaterialBodies/MF_SpecularGlossiness_Body.uexp" 571
"../../../Engine/Plugins/Interchange/Assets/Content/gltf/M_SpecularGlossiness.uasset" 572
"../../../Engine/Plugins/Interchange/Assets/Content/gltf/M_SpecularGlossiness.uexp" 573
"../../../Engine/Plugins/Interchange/Assets/Content/gltf/MaterialInstances/MI_SpecularGlossiness_Blend.uasset" 574
"../../../Engine/Plugins/Interchange/Assets/Content/gltf/MaterialInstances/MI_SpecularGlossiness_Blend.uexp" 575
"../../../Engine/Plugins/Interchange/Assets/Content/gltf/MaterialInstances/MI_SpecularGlossiness_Blend_DS.uasset" 576
"../../../Engine/Plugins/Interchange/Assets/Content/gltf/MaterialInstances/MI_SpecularGlossiness_Blend_DS.uexp" 577
"../../../Engine/Plugins/Interchange/Assets/Content/gltf/MaterialInstances/MI_SpecularGlossiness_Mask.uasset" 578
"../../../Engine/Plugins/Interchange/Assets/Content/gltf/MaterialInstances/MI_SpecularGlossiness_Mask.uexp" 579
"../../../Engine/Plugins/Interchange/Assets/Content/gltf/MaterialInstances/MI_SpecularGlossiness_Mask_DS.uasset" 580
"../../../Engine/Plugins/Interchange/Assets/Content/gltf/MaterialInstances/MI_SpecularGlossiness_Mask_DS.uexp" 581
"../../../Engine/Plugins/Interchange/Assets/Content/gltf/MaterialInstances/MI_SpecularGlossiness_Opaque.uasset" 582
"../../../Engine/Plugins/Interchange/Assets/Content/gltf/MaterialInstances/MI_SpecularGlossiness_Opaque.uexp" 583
"../../../Engine/Plugins/Interchange/Assets/Content/gltf/MaterialInstances/MI_SpecularGlossiness_Opaque_DS.uasset" 584
"../../../Engine/Plugins/Interchange/Assets/Content/gltf/MaterialInstances/MI_SpecularGlossiness_Opaque_DS.uexp" 585
"../../../Engine/Content/EngineMaterials/Good64x64TilingNoiseHighFreq.uasset" 586
"../../../Engine/Content/EngineMaterials/Good64x64TilingNoiseHighFreq.uexp" 587
"../../../Engine/Content/Functions/Engine_MaterialFunctions02/Texturing/ScreenAlignedPixelToPixelUVs.uasset" 588
"../../../Engine/Content/Functions/Engine_MaterialFunctions02/Texturing/ScreenAlignedPixelToPixelUVs.uexp" 589
"../../../Engine/Plugins/Interchange/Assets/Content/gltf/MaterialFunctions/MF_Temporal_Blur.uasset" 590
"../../../Engine/Plugins/Interchange/Assets/Content/gltf/MaterialFunctions/MF_Temporal_Blur.uexp" 591
"../../../Engine/Plugins/Interchange/Assets/Content/gltf/MaterialFunctions/MF_Fresnel_DS.uasset" 592
"../../../Engine/Plugins/Interchange/Assets/Content/gltf/MaterialFunctions/MF_Fresnel_DS.uexp" 593
"../../../Engine/Plugins/Interchange/Assets/Content/gltf/MaterialFunctions/MF_Transmission.uasset" 594
"../../../Engine/Plugins/Interchange/Assets/Content/gltf/MaterialFunctions/MF_Transmission.uexp" 595
"../../../Engine/Plugins/Interchange/Assets/Content/gltf/MaterialBodies/MF_Transmission_Body.uasset" 596
"../../../Engine/Plugins/Interchange/Assets/Content/gltf/MaterialBodies/MF_Transmission_Body.uexp" 597
"../../../Engine/Plugins/Interchange/Assets/Content/gltf/M_Transmission.uasset" 598
"../../../Engine/Plugins/Interchange/Assets/Content/gltf/M_Transmission.uexp" 599
"../../../Engine/Plugins/Interchange/Assets/Content/gltf/MaterialInstances/MI_Transmission.uasset" 600
"../../../Engine/Plugins/Interchange/Assets/Content/gltf/MaterialInstances/MI_Transmission.uexp" 601
"../../../Engine/Plugins/Interchange/Assets/Content/gltf/MaterialInstances/MI_Transmission_DS.uasset" 602
"../../../Engine/Plugins/Interchange/Assets/Content/gltf/MaterialInstances/MI_Transmission_DS.uexp" 603
"../../../Engine/Plugins/Interchange/Assets/Content/gltf/MaterialBodies/MF_Unlit_Body.uasset" 604
"../../../Engine/Plugins/Interchange/Assets/Content/gltf/MaterialBodies/MF_Unlit_Body.uexp" 605
"../../../Engine/Plugins/Interchange/Assets/Content/gltf/M_Unlit.uasset" 606
"../../../Engine/Plugins/Interchange/Assets/Content/gltf/M_Unlit.uexp" 607
"../../../Engine/Plugins/Interchange/Assets/Content/gltf/MaterialInstances/MI_Unlit_Blend.uasset" 608
"../../../Engine/Plugins/Interchange/Assets/Content/gltf/MaterialInstances/MI_Unlit_Blend.uexp" 609
"../../../Engine/Plugins/Interchange/Assets/Content/gltf/MaterialInstances/MI_Unlit_Blend_DS.uasset" 610
"../../../Engine/Plugins/Interchange/Assets/Content/gltf/MaterialInstances/MI_Unlit_Blend_DS.uexp" 611
"../../../Engine/Plugins/Interchange/Assets/Content/gltf/MaterialInstances/MI_Unlit_Mask.uasset" 612
"../../../Engine/Plugins/Interchange/Assets/Content/gltf/MaterialInstances/MI_Unlit_Mask.uexp" 613
"../../../Engine/Plugins/Interchange/Assets/Content/gltf/MaterialInstances/MI_Unlit_Mask_DS.uasset" 614
"../../../Engine/Plugins/Interchange/Assets/Content/gltf/MaterialInstances/MI_Unlit_Mask_DS.uexp" 615
"../../../Engine/Plugins/Interchange/Assets/Content/gltf/MaterialInstances/MI_Unlit_Opaque.uasset" 616
"../../../Engine/Plugins/Interchange/Assets/Content/gltf/MaterialInstances/MI_Unlit_Opaque.uexp" 617
"../../../Engine/Plugins/Interchange/Assets/Content/gltf/MaterialInstances/MI_Unlit_Opaque_DS.uasset" 618
"../../../Engine/Plugins/Interchange/Assets/Content/gltf/MaterialInstances/MI_Unlit_Opaque_DS.uexp" 619
"../../../Engine/Content/EngineMaterials/DefaultMaterial.uasset" 620
"../../../Engine/Content/EngineMaterials/DefaultMaterial.uexp" 621
"../../../Engine/Content/BasicShapes/Cone.ubulk" 622
"../../../Engine/Content/BasicShapes/Cone.uasset" 623
"../../../Engine/Content/BasicShapes/Cone.uexp" 624
"../../../Engine/Content/BasicShapes/Cylinder.ubulk" 625
"../../../Engine/Content/BasicShapes/Cylinder.uasset" 626
"../../../Engine/Content/BasicShapes/Cylinder.uexp" 627
"../../../Engine/Content/BasicShapes/Sphere.ubulk" 628
"../../../Engine/Content/BasicShapes/Sphere.uasset" 629
"../../../Engine/Content/BasicShapes/Sphere.uexp" 630
"../../../Engine/Content/EditorLandscapeResources/SplineEditorMeshMat.uasset" 631
"../../../Engine/Content/EditorLandscapeResources/SplineEditorMeshMat.uexp" 632
"../../../Engine/Content/EditorLandscapeResources/SplineEditorMesh.ubulk" 633
"../../../Engine/Content/EditorLandscapeResources/SplineEditorMesh.uasset" 634
"../../../Engine/Content/EditorLandscapeResources/SplineEditorMesh.uexp" 635
"../../../Engine/Content/EngineResources/WhiteSquareTexture.uasset" 636
"../../../Engine/Content/EngineResources/WhiteSquareTexture.uexp" 637
"../../../Engine/Content/EngineMaterials/Widget3DPassThrough.uasset" 638
"../../../Engine/Content/EngineMaterials/Widget3DPassThrough.uexp" 639
"../../../Engine/Content/EngineMaterials/Widget3DPassThrough_Masked.uasset" 640
"../../../Engine/Content/EngineMaterials/Widget3DPassThrough_Masked.uexp" 641
"../../../Engine/Content/EngineMaterials/Widget3DPassThrough_Opaque.uasset" 642
"../../../Engine/Content/EngineMaterials/Widget3DPassThrough_Opaque.uexp" 643
"../../../Engine/Content/EngineMaterials/Widget3DPassThrough_Masked_OneSided.uasset" 644
"../../../Engine/Content/EngineMaterials/Widget3DPassThrough_Masked_OneSided.uexp" 645
"../../../Engine/Content/EngineMaterials/Widget3DPassThrough_Opaque_OneSided.uasset" 646
"../../../Engine/Content/EngineMaterials/Widget3DPassThrough_Opaque_OneSided.uexp" 647
"../../../Engine/Content/EngineMaterials/Widget3DPassThrough_Translucent.uasset" 648
"../../../Engine/Content/EngineMaterials/Widget3DPassThrough_Translucent.uexp" 649
"../../../Engine/Content/EngineMaterials/Widget3DPassThrough_Translucent_OneSided.uasset" 650
"../../../Engine/Content/EngineMaterials/Widget3DPassThrough_Translucent_OneSided.uexp" 651
"../../../Engine/Content/VREditor/TransformGizmo/StartRotationHandleIndicator.ubulk" 652
"../../../Engine/Content/VREditor/TransformGizmo/StartRotationHandleIndicator.uasset" 653
"../../../Engine/Content/VREditor/TransformGizmo/StartRotationHandleIndicator.uexp" 654
"../../../Engine/Content/VREditor/Sounds/UI/Drop_Item_From_ContentBrowser.ubulk" 655
"../../../Engine/Content/VREditor/Sounds/UI/Drop_Item_From_ContentBrowser.uasset" 656
"../../../Engine/Content/VREditor/Sounds/UI/Drop_Item_From_ContentBrowser.uexp" 657
"../../../Engine/Content/VREditor/TransformGizmo/PlaneTranslationHandle.ubulk" 658
"../../../Engine/Content/VREditor/TransformGizmo/PlaneTranslationHandle.uasset" 659
"../../../Engine/Content/VREditor/TransformGizmo/PlaneTranslationHandle.uexp" 660
"../../../Engine/Content/VREditor/Sounds/UI/Object_Snaps_To_Grid.ubulk" 661
"../../../Engine/Content/VREditor/Sounds/UI/Object_Snaps_To_Grid.uasset" 662
"../../../Engine/Content/VREditor/Sounds/UI/Object_Snaps_To_Grid.uexp" 663
"../../../Engine/Content/VREditor/Sounds/UI/Selection_Changes.ubulk" 664
"../../../Engine/Content/VREditor/Sounds/UI/Selection_Changes.uasset" 665
"../../../Engine/Content/VREditor/Sounds/UI/Selection_Changes.uexp" 666
"../../../Engine/Content/VREditor/Sounds/UI/Object_Snaps_To_Another_Actor.ubulk" 667
"../../../Engine/Content/VREditor/Sounds/UI/Object_Snaps_To_Another_Actor.uasset" 668
"../../../Engine/Content/VREditor/Sounds/UI/Object_Snaps_To_Another_Actor.uexp" 669
"../../../Engine/Content/VREditor/TransformGizmo/TranslucentTransformGizmoMaterial_Inst.uasset" 670
"../../../Engine/Content/VREditor/TransformGizmo/TranslucentTransformGizmoMaterial_Inst.uexp" 671
"../../../Engine/Content/VREditor/TransformGizmo/TransformGizmoFreeRotation.ubulk" 672
"../../../Engine/Content/VREditor/TransformGizmo/TransformGizmoFreeRotation.uasset" 673
"../../../Engine/Content/VREditor/TransformGizmo/TransformGizmoFreeRotation.uexp" 674
"../../../Engine/Content/VREditor/Sounds/UI/Scaling_Down.ubulk" 675
"../../../Engine/Content/VREditor/Sounds/UI/Scaling_Down.uasset" 676
"../../../Engine/Content/VREditor/Sounds/UI/Scaling_Down.uexp" 677
"../../../Engine/Content/Functions/Engine_MaterialFunctions02/SplitComponents.uasset" 678
"../../../Engine/Content/Functions/Engine_MaterialFunctions02/SplitComponents.uexp" 679
"../../../Engine/Content/VREditor/SnapGrid/SnapGridMaterial.uasset" 680
"../../../Engine/Content/VREditor/SnapGrid/SnapGridMaterial.uexp" 681
"../../../Engine/Content/VREditor/SnapGrid/SnapGridPlaneMesh.ubulk" 682
"../../../Engine/Content/VREditor/SnapGrid/SnapGridPlaneMesh.uasset" 683
"../../../Engine/Content/VREditor/SnapGrid/SnapGridPlaneMesh.uexp" 684
"../../../Engine/Content/VREditor/Sounds/UI/Scaling_Up.ubulk" 685
"../../../Engine/Content/VREditor/Sounds/UI/Scaling_Up.uasset" 686
"../../../Engine/Content/VREditor/Sounds/UI/Scaling_Up.uexp" 687
"../../../Engine/Content/VREditor/TransformGizmo/TransformGizmoMaterial_Inst.uasset" 688
"../../../Engine/Content/VREditor/TransformGizmo/TransformGizmoMaterial_Inst.uexp" 689
"../../../Engine/Content/VREditor/Sounds/UI/Gizmo_Handle_Clicked.ubulk" 690
"../../../Engine/Content/VREditor/Sounds/UI/Gizmo_Handle_Clicked.uasset" 691
"../../../Engine/Content/VREditor/Sounds/UI/Gizmo_Handle_Clicked.uexp" 692
"../../../Engine/Content/VREditor/TransformGizmo/RotationHandleQuarter.ubulk" 693
"../../../Engine/Content/VREditor/TransformGizmo/RotationHandleQuarter.uasset" 694
"../../../Engine/Content/VREditor/TransformGizmo/RotationHandleQuarter.uexp" 695
"../../../Engine/Content/VREditor/TransformGizmo/TranslateArrowHandle.ubulk" 696
"../../../Engine/Content/VREditor/TransformGizmo/TranslateArrowHandle.uasset" 697
"../../../Engine/Content/VREditor/TransformGizmo/TranslateArrowHandle.uexp" 698
"../../../Engine/Content/VREditor/TransformGizmo/RotationHandleIndicator.ubulk" 699
"../../../Engine/Content/VREditor/TransformGizmo/RotationHandleIndicator.uasset" 700
"../../../Engine/Content/VREditor/TransformGizmo/RotationHandleIndicator.uexp" 701
"../../../Engine/Content/VREditor/TransformGizmo/UniformScaleHandle.ubulk" 702
"../../../Engine/Content/VREditor/TransformGizmo/UniformScaleHandle.uasset" 703
"../../../Engine/Content/VREditor/TransformGizmo/UniformScaleHandle.uexp" 704
"../../../Engine/Content/VREditor/TransformGizmo/RotationHandleFull.ubulk" 705
"../../../Engine/Content/VREditor/TransformGizmo/RotationHandleFull.uasset" 706
"../../../Engine/Content/VREditor/TransformGizmo/RotationHandleFull.uexp" 707
"../../../Engine/Content/VREditor/Sounds/UI/Object_PickUp.ubulk" 708
"../../../Engine/Content/VREditor/Sounds/UI/Object_PickUp.uasset" 709
"../../../Engine/Content/VREditor/Sounds/UI/Object_PickUp.uexp" 710
"../../../Engine/Plugins/Animation/ControlRig/Content/Controls/ControlRig_Arrow2_1mm.ubulk" 711
"../../../Engine/Plugins/Animation/ControlRig/Content/Controls/ControlRig_Arrow2_1mm.uasset" 712
"../../../Engine/Plugins/Animation/ControlRig/Content/Controls/ControlRig_Arrow2_1mm.uexp" 713
"../../../Engine/Plugins/Animation/ControlRig/Content/Controls/ControlRig_Arrow2_3mm.ubulk" 714
"../../../Engine/Plugins/Animation/ControlRig/Content/Controls/ControlRig_Arrow2_3mm.uasset" 715
"../../../Engine/Plugins/Animation/ControlRig/Content/Controls/ControlRig_Arrow2_3mm.uexp" 716
"../../../Engine/Plugins/Animation/ControlRig/Content/Controls/ControlRig_Arrow2_solid.ubulk" 717
"../../../Engine/Plugins/Animation/ControlRig/Content/Controls/ControlRig_Arrow2_solid.uasset" 718
"../../../Engine/Plugins/Animation/ControlRig/Content/Controls/ControlRig_Arrow2_solid.uexp" 719
"../../../Engine/Plugins/Animation/ControlRig/Content/Controls/ControlRig_Arrow4_1mm.ubulk" 720
"../../../Engine/Plugins/Animation/ControlRig/Content/Controls/ControlRig_Arrow4_1mm.uasset" 721
"../../../Engine/Plugins/Animation/ControlRig/Content/Controls/ControlRig_Arrow4_1mm.uexp" 722
"../../../Engine/Plugins/Animation/ControlRig/Content/Controls/ControlRig_Arrow4_3mm.ubulk" 723
"../../../Engine/Plugins/Animation/ControlRig/Content/Controls/ControlRig_Arrow4_3mm.uasset" 724
"../../../Engine/Plugins/Animation/ControlRig/Content/Controls/ControlRig_Arrow4_3mm.uexp" 725
"../../../Engine/Plugins/Animation/ControlRig/Content/Controls/ControlRig_Arrow4_solid.ubulk" 726
"../../../Engine/Plugins/Animation/ControlRig/Content/Controls/ControlRig_Arrow4_solid.uasset" 727
"../../../Engine/Plugins/Animation/ControlRig/Content/Controls/ControlRig_Arrow4_solid.uexp" 728
"../../../Engine/Plugins/Animation/ControlRig/Content/Controls/ControlRig_Arrow_1mm.ubulk" 729
"../../../Engine/Plugins/Animation/ControlRig/Content/Controls/ControlRig_Arrow_1mm.uasset" 730
"../../../Engine/Plugins/Animation/ControlRig/Content/Controls/ControlRig_Arrow_1mm.uexp" 731
"../../../Engine/Plugins/Animation/ControlRig/Content/Controls/ControlRig_Arrow_3mm.ubulk" 732
"../../../Engine/Plugins/Animation/ControlRig/Content/Controls/ControlRig_Arrow_3mm.uasset" 733
"../../../Engine/Plugins/Animation/ControlRig/Content/Controls/ControlRig_Arrow_3mm.uexp" 734
"../../../Engine/Plugins/Animation/ControlRig/Content/Controls/ControlRig_Arrow_solid.ubulk" 735
"../../../Engine/Plugins/Animation/ControlRig/Content/Controls/ControlRig_Arrow_solid.uasset" 736
"../../../Engine/Plugins/Animation/ControlRig/Content/Controls/ControlRig_Arrow_solid.uexp" 737
"../../../Engine/Plugins/Animation/ControlRig/Content/Controls/ControlRig_Box_1mm.ubulk" 738
"../../../Engine/Plugins/Animation/ControlRig/Content/Controls/ControlRig_Box_1mm.uasset" 739
"../../../Engine/Plugins/Animation/ControlRig/Content/Controls/ControlRig_Box_1mm.uexp" 740
"../../../Engine/Plugins/Animation/ControlRig/Content/Controls/ControlRig_Box_3mm.ubulk" 741
"../../../Engine/Plugins/Animation/ControlRig/Content/Controls/ControlRig_Box_3mm.uasset" 742
"../../../Engine/Plugins/Animation/ControlRig/Content/Controls/ControlRig_Box_3mm.uexp" 743
"../../../Engine/Plugins/Animation/ControlRig/Content/Controls/ControlRig_Box_solid.ubulk" 744
"../../../Engine/Plugins/Animation/ControlRig/Content/Controls/ControlRig_Box_solid.uasset" 745
"../../../Engine/Plugins/Animation/ControlRig/Content/Controls/ControlRig_Box_solid.uexp" 746
"../../../Engine/Plugins/Animation/ControlRig/Content/Controls/ControlRig_Circle_1mm.ubulk" 747
"../../../Engine/Plugins/Animation/ControlRig/Content/Controls/ControlRig_Circle_1mm.uasset" 748
"../../../Engine/Plugins/Animation/ControlRig/Content/Controls/ControlRig_Circle_1mm.uexp" 749
"../../../Engine/Plugins/Animation/ControlRig/Content/Controls/ControlRig_Circle_3mm.ubulk" 750
"../../../Engine/Plugins/Animation/ControlRig/Content/Controls/ControlRig_Circle_3mm.uasset" 751
"../../../Engine/Plugins/Animation/ControlRig/Content/Controls/ControlRig_Circle_3mm.uexp" 752
"../../../Engine/Plugins/Animation/ControlRig/Content/Controls/ControlRig_Circle_solid.ubulk" 753
"../../../Engine/Plugins/Animation/ControlRig/Content/Controls/ControlRig_Circle_solid.uasset" 754
"../../../Engine/Plugins/Animation/ControlRig/Content/Controls/ControlRig_Circle_solid.uexp" 755
"../../../Engine/Plugins/Animation/ControlRig/Content/Controls/ControlRig_Diamond_1mm.ubulk" 756
"../../../Engine/Plugins/Animation/ControlRig/Content/Controls/ControlRig_Diamond_1mm.uasset" 757
"../../../Engine/Plugins/Animation/ControlRig/Content/Controls/ControlRig_Diamond_1mm.uexp" 758
"../../../Engine/Plugins/Animation/ControlRig/Content/Controls/ControlRig_Diamond_3mm.ubulk" 759
"../../../Engine/Plugins/Animation/ControlRig/Content/Controls/ControlRig_Diamond_3mm.uasset" 760
"../../../Engine/Plugins/Animation/ControlRig/Content/Controls/ControlRig_Diamond_3mm.uexp" 761
"../../../Engine/Plugins/Animation/ControlRig/Content/Controls/ControlRig_Diamond_solid.ubulk" 762
"../../../Engine/Plugins/Animation/ControlRig/Content/Controls/ControlRig_Diamond_solid.uasset" 763
"../../../Engine/Plugins/Animation/ControlRig/Content/Controls/ControlRig_Diamond_solid.uexp" 764
"../../../Engine/Plugins/Animation/ControlRig/Content/Controls/ControlRig_HalfCircle_1mm.ubulk" 765
"../../../Engine/Plugins/Animation/ControlRig/Content/Controls/ControlRig_HalfCircle_1mm.uasset" 766
"../../../Engine/Plugins/Animation/ControlRig/Content/Controls/ControlRig_HalfCircle_1mm.uexp" 767
"../../../Engine/Plugins/Animation/ControlRig/Content/Controls/ControlRig_HalfCircle_3mm.ubulk" 768
"../../../Engine/Plugins/Animation/ControlRig/Content/Controls/ControlRig_HalfCircle_3mm.uasset" 769
"../../../Engine/Plugins/Animation/ControlRig/Content/Controls/ControlRig_HalfCircle_3mm.uexp" 770
"../../../Engine/Plugins/Animation/ControlRig/Content/Controls/ControlRig_HalfCircle_solid.ubulk" 771
"../../../Engine/Plugins/Animation/ControlRig/Content/Controls/ControlRig_HalfCircle_solid.uasset" 772
"../../../Engine/Plugins/Animation/ControlRig/Content/Controls/ControlRig_HalfCircle_solid.uexp" 773
"../../../Engine/Plugins/Animation/ControlRig/Content/Controls/ControlRig_Hexagon_1mm.ubulk" 774
"../../../Engine/Plugins/Animation/ControlRig/Content/Controls/ControlRig_Hexagon_1mm.uasset" 775
"../../../Engine/Plugins/Animation/ControlRig/Content/Controls/ControlRig_Hexagon_1mm.uexp" 776
"../../../Engine/Plugins/Animation/ControlRig/Content/Controls/ControlRig_Hexagon_3mm.ubulk" 777
"../../../Engine/Plugins/Animation/ControlRig/Content/Controls/ControlRig_Hexagon_3mm.uasset" 778
"../../../Engine/Plugins/Animation/ControlRig/Content/Controls/ControlRig_Hexagon_3mm.uexp" 779
"../../../Engine/Plugins/Animation/ControlRig/Content/Controls/ControlRig_Hexagon_solid.ubulk" 780
"../../../Engine/Plugins/Animation/ControlRig/Content/Controls/ControlRig_Hexagon_solid.uasset" 781
"../../../Engine/Plugins/Animation/ControlRig/Content/Controls/ControlRig_Hexagon_solid.uexp" 782
"../../../Engine/Plugins/Animation/ControlRig/Content/Controls/ControlRig_Octagon_1mm.ubulk" 783
"../../../Engine/Plugins/Animation/ControlRig/Content/Controls/ControlRig_Octagon_1mm.uasset" 784
"../../../Engine/Plugins/Animation/ControlRig/Content/Controls/ControlRig_Octagon_1mm.uexp" 785
"../../../Engine/Plugins/Animation/ControlRig/Content/Controls/ControlRig_Octagon_3mm.ubulk" 786
"../../../Engine/Plugins/Animation/ControlRig/Content/Controls/ControlRig_Octagon_3mm.uasset" 787
"../../../Engine/Plugins/Animation/ControlRig/Content/Controls/ControlRig_Octagon_3mm.uexp" 788
"../../../Engine/Plugins/Animation/ControlRig/Content/Controls/ControlRig_Octagon_solid.ubulk" 789
"../../../Engine/Plugins/Animation/ControlRig/Content/Controls/ControlRig_Octagon_solid.uasset" 790
"../../../Engine/Plugins/Animation/ControlRig/Content/Controls/ControlRig_Octagon_solid.uexp" 791
"../../../Engine/Plugins/Animation/ControlRig/Content/Controls/ControlRig_Pyramid_1mm.ubulk" 792
"../../../Engine/Plugins/Animation/ControlRig/Content/Controls/ControlRig_Pyramid_1mm.uasset" 793
"../../../Engine/Plugins/Animation/ControlRig/Content/Controls/ControlRig_Pyramid_1mm.uexp" 794
"../../../Engine/Plugins/Animation/ControlRig/Content/Controls/ControlRig_Pyramid_3mm.ubulk" 795
"../../../Engine/Plugins/Animation/ControlRig/Content/Controls/ControlRig_Pyramid_3mm.uasset" 796
"../../../Engine/Plugins/Animation/ControlRig/Content/Controls/ControlRig_Pyramid_3mm.uexp" 797
"../../../Engine/Plugins/Animation/ControlRig/Content/Controls/ControlRig_Pyramid_solid.ubulk" 798
"../../../Engine/Plugins/Animation/ControlRig/Content/Controls/ControlRig_Pyramid_solid.uasset" 799
"../../../Engine/Plugins/Animation/ControlRig/Content/Controls/ControlRig_Pyramid_solid.uexp" 800
"../../../Engine/Plugins/Animation/ControlRig/Content/Controls/ControlRig_QuarterCircle_1mm.ubulk" 801
"../../../Engine/Plugins/Animation/ControlRig/Content/Controls/ControlRig_QuarterCircle_1mm.uasset" 802
"../../../Engine/Plugins/Animation/ControlRig/Content/Controls/ControlRig_QuarterCircle_1mm.uexp" 803
"../../../Engine/Plugins/Animation/ControlRig/Content/Controls/ControlRig_QuarterCircle_3mm.ubulk" 804
"../../../Engine/Plugins/Animation/ControlRig/Content/Controls/ControlRig_QuarterCircle_3mm.uasset" 805
"../../../Engine/Plugins/Animation/ControlRig/Content/Controls/ControlRig_QuarterCircle_3mm.uexp" 806
"../../../Engine/Plugins/Animation/ControlRig/Content/Controls/ControlRig_QuarterCircle_solid.ubulk" 807
"../../../Engine/Plugins/Animation/ControlRig/Content/Controls/ControlRig_QuarterCircle_solid.uasset" 808
"../../../Engine/Plugins/Animation/ControlRig/Content/Controls/ControlRig_QuarterCircle_solid.uexp" 809
"../../../Engine/Plugins/Animation/ControlRig/Content/Controls/ControlRig_RoundedSquare_1mm.ubulk" 810
"../../../Engine/Plugins/Animation/ControlRig/Content/Controls/ControlRig_RoundedSquare_1mm.uasset" 811
"../../../Engine/Plugins/Animation/ControlRig/Content/Controls/ControlRig_RoundedSquare_1mm.uexp" 812
"../../../Engine/Plugins/Animation/ControlRig/Content/Controls/ControlRig_RoundedSquare_3mm.ubulk" 813
"../../../Engine/Plugins/Animation/ControlRig/Content/Controls/ControlRig_RoundedSquare_3mm.uasset" 814
"../../../Engine/Plugins/Animation/ControlRig/Content/Controls/ControlRig_RoundedSquare_3mm.uexp" 815
"../../../Engine/Plugins/Animation/ControlRig/Content/Controls/ControlRig_RoundedSquare_solid.ubulk" 816
"../../../Engine/Plugins/Animation/ControlRig/Content/Controls/ControlRig_RoundedSquare_solid.uasset" 817
"../../../Engine/Plugins/Animation/ControlRig/Content/Controls/ControlRig_RoundedSquare_solid.uexp" 818
"../../../Engine/Plugins/Animation/ControlRig/Content/Controls/ControlRig_RoundedTriangle_1mm.ubulk" 819
"../../../Engine/Plugins/Animation/ControlRig/Content/Controls/ControlRig_RoundedTriangle_1mm.uasset" 820
"../../../Engine/Plugins/Animation/ControlRig/Content/Controls/ControlRig_RoundedTriangle_1mm.uexp" 821
"../../../Engine/Plugins/Animation/ControlRig/Content/Controls/ControlRig_RoundedTriangle_3mm.ubulk" 822
"../../../Engine/Plugins/Animation/ControlRig/Content/Controls/ControlRig_RoundedTriangle_3mm.uasset" 823
"../../../Engine/Plugins/Animation/ControlRig/Content/Controls/ControlRig_RoundedTriangle_3mm.uexp" 824
"../../../Engine/Plugins/Animation/ControlRig/Content/Controls/ControlRig_RoundedTriangle_solid.ubulk" 825
"../../../Engine/Plugins/Animation/ControlRig/Content/Controls/ControlRig_RoundedTriangle_solid.uasset" 826
"../../../Engine/Plugins/Animation/ControlRig/Content/Controls/ControlRig_RoundedTriangle_solid.uexp" 827
"../../../Engine/Plugins/Animation/ControlRig/Content/Controls/ControlRig_Sphere_1mm.ubulk" 828
"../../../Engine/Plugins/Animation/ControlRig/Content/Controls/ControlRig_Sphere_1mm.uasset" 829
"../../../Engine/Plugins/Animation/ControlRig/Content/Controls/ControlRig_Sphere_1mm.uexp" 830
"../../../Engine/Plugins/Animation/ControlRig/Content/Controls/ControlRig_Sphere_3mm.ubulk" 831
"../../../Engine/Plugins/Animation/ControlRig/Content/Controls/ControlRig_Sphere_3mm.uasset" 832
"../../../Engine/Plugins/Animation/ControlRig/Content/Controls/ControlRig_Sphere_3mm.uexp" 833
"../../../Engine/Plugins/Animation/ControlRig/Content/Controls/ControlRig_Sphere_solid.ubulk" 834
"../../../Engine/Plugins/Animation/ControlRig/Content/Controls/ControlRig_Sphere_solid.uasset" 835
"../../../Engine/Plugins/Animation/ControlRig/Content/Controls/ControlRig_Sphere_solid.uexp" 836
"../../../Engine/Plugins/Animation/ControlRig/Content/Controls/ControlRig_Square_1mm.ubulk" 837
"../../../Engine/Plugins/Animation/ControlRig/Content/Controls/ControlRig_Square_1mm.uasset" 838
"../../../Engine/Plugins/Animation/ControlRig/Content/Controls/ControlRig_Square_1mm.uexp" 839
"../../../Engine/Plugins/Animation/ControlRig/Content/Controls/ControlRig_Square_3mm.ubulk" 840
"../../../Engine/Plugins/Animation/ControlRig/Content/Controls/ControlRig_Square_3mm.uasset" 841
"../../../Engine/Plugins/Animation/ControlRig/Content/Controls/ControlRig_Square_3mm.uexp" 842
"../../../Engine/Plugins/Animation/ControlRig/Content/Controls/ControlRig_Square_solid.ubulk" 843
"../../../Engine/Plugins/Animation/ControlRig/Content/Controls/ControlRig_Square_solid.uasset" 844
"../../../Engine/Plugins/Animation/ControlRig/Content/Controls/ControlRig_Square_solid.uexp" 845
"../../../Engine/Plugins/Animation/ControlRig/Content/Controls/ControlRig_Star4_1mm.ubulk" 846
"../../../Engine/Plugins/Animation/ControlRig/Content/Controls/ControlRig_Star4_1mm.uasset" 847
"../../../Engine/Plugins/Animation/ControlRig/Content/Controls/ControlRig_Star4_1mm.uexp" 848
"../../../Engine/Plugins/Animation/ControlRig/Content/Controls/ControlRig_Star4_3mm.ubulk" 849
"../../../Engine/Plugins/Animation/ControlRig/Content/Controls/ControlRig_Star4_3mm.uasset" 850
"../../../Engine/Plugins/Animation/ControlRig/Content/Controls/ControlRig_Star4_3mm.uexp" 851
"../../../Engine/Plugins/Animation/ControlRig/Content/Controls/ControlRig_Star4_solid.ubulk" 852
"../../../Engine/Plugins/Animation/ControlRig/Content/Controls/ControlRig_Star4_solid.uasset" 853
"../../../Engine/Plugins/Animation/ControlRig/Content/Controls/ControlRig_Star4_solid.uexp" 854
"../../../Engine/Plugins/Animation/ControlRig/Content/Controls/ControlRig_Triangle_1mm.ubulk" 855
"../../../Engine/Plugins/Animation/ControlRig/Content/Controls/ControlRig_Triangle_1mm.uasset" 856
"../../../Engine/Plugins/Animation/ControlRig/Content/Controls/ControlRig_Triangle_1mm.uexp" 857
"../../../Engine/Plugins/Animation/ControlRig/Content/Controls/ControlRig_Triangle_3mm.ubulk" 858
"../../../Engine/Plugins/Animation/ControlRig/Content/Controls/ControlRig_Triangle_3mm.uasset" 859
"../../../Engine/Plugins/Animation/ControlRig/Content/Controls/ControlRig_Triangle_3mm.uexp" 860
"../../../Engine/Plugins/Animation/ControlRig/Content/Controls/ControlRig_Triangle_solid.ubulk" 861
"../../../Engine/Plugins/Animation/ControlRig/Content/Controls/ControlRig_Triangle_solid.uasset" 862
"../../../Engine/Plugins/Animation/ControlRig/Content/Controls/ControlRig_Triangle_solid.uexp" 863
"../../../Engine/Plugins/Animation/ControlRig/Content/Controls/ControlRig_Wedge_1mm.ubulk" 864
"../../../Engine/Plugins/Animation/ControlRig/Content/Controls/ControlRig_Wedge_1mm.uasset" 865
"../../../Engine/Plugins/Animation/ControlRig/Content/Controls/ControlRig_Wedge_1mm.uexp" 866
"../../../Engine/Plugins/Animation/ControlRig/Content/Controls/ControlRig_Wedge_3mm.ubulk" 867
"../../../Engine/Plugins/Animation/ControlRig/Content/Controls/ControlRig_Wedge_3mm.uasset" 868
"../../../Engine/Plugins/Animation/ControlRig/Content/Controls/ControlRig_Wedge_3mm.uexp" 869
"../../../Engine/Plugins/Animation/ControlRig/Content/Controls/ControlRig_Wedge_solid.ubulk" 870
"../../../Engine/Plugins/Animation/ControlRig/Content/Controls/ControlRig_Wedge_solid.uasset" 871
"../../../Engine/Plugins/Animation/ControlRig/Content/Controls/ControlRig_Wedge_solid.uexp" 872
"../../../Engine/Content/Functions/Engine_MaterialFunctions02/Texturing/CustomRotator.uasset" 873
"../../../Engine/Content/Functions/Engine_MaterialFunctions02/Texturing/CustomRotator.uexp" 874
"../../../Engine/Content/Functions/Engine_MaterialFunctions01/Texturing/ScaleUVsByCenter.uasset" 875
"../../../Engine/Content/Functions/Engine_MaterialFunctions01/Texturing/ScaleUVsByCenter.uexp" 876
"../../../Engine/Content/Functions/Engine_MaterialFunctions01/Gradient/GeneratedRoundRect.uasset" 877
"../../../Engine/Content/Functions/Engine_MaterialFunctions01/Gradient/GeneratedRoundRect.uexp" 878
"../../../Engine/Content/Functions/Engine_MaterialFunctions01/Gradient/SphereGradient-2D.uasset" 879
"../../../Engine/Content/Functions/Engine_MaterialFunctions01/Gradient/SphereGradient-2D.uexp" 880
"../../../Engine/Plugins/Runtime/AudioWidgets/Content/AudioMaterialSlate/Functions/MF_DotOutlined.uasset" 881
"../../../Engine/Plugins/Runtime/AudioWidgets/Content/AudioMaterialSlate/Functions/MF_DotOutlined.uexp" 882
"../../../Engine/Plugins/Runtime/AudioWidgets/Content/AudioMaterialSlate/M_AudioMaterialEnvelope_ADSR.uasset" 883
"../../../Engine/Plugins/Runtime/AudioWidgets/Content/AudioMaterialSlate/M_AudioMaterialEnvelope_ADSR.uexp" 884
"../../../Engine/Plugins/Runtime/AudioWidgets/Content/AudioMaterialSlate/MI_AudioMaterialEnvelope_ADSR.uasset" 885
"../../../Engine/Plugins/Runtime/AudioWidgets/Content/AudioMaterialSlate/MI_AudioMaterialEnvelope_ADSR.uexp" 886
"../../../Engine/Plugins/Runtime/AudioWidgets/Content/AudioMaterialSlate/Functions/MF_SingleLine_Smooth.uasset" 887
"../../../Engine/Plugins/Runtime/AudioWidgets/Content/AudioMaterialSlate/Functions/MF_SingleLine_Smooth.uexp" 888
"../../../Engine/Plugins/Runtime/AudioWidgets/Content/AudioMaterialSlate/Functions/MF_AngleGradient.uasset" 889
"../../../Engine/Plugins/Runtime/AudioWidgets/Content/AudioMaterialSlate/Functions/MF_AngleGradient.uexp" 890
"../../../Engine/Content/Functions/Engine_MaterialFunctions02/Lerp_3Color.uasset" 891
"../../../Engine/Content/Functions/Engine_MaterialFunctions02/Lerp_3Color.uexp" 892
"../../../Engine/Plugins/Runtime/AudioWidgets/Content/AudioMaterialSlate/M_AudioMaterialKnob.uasset" 893
"../../../Engine/Plugins/Runtime/AudioWidgets/Content/AudioMaterialSlate/M_AudioMaterialKnob.uexp" 894
"../../../Engine/Plugins/Runtime/AudioWidgets/Content/AudioMaterialSlate/MI_AudioMaterialKnob.uasset" 895
"../../../Engine/Plugins/Runtime/AudioWidgets/Content/AudioMaterialSlate/MI_AudioMaterialKnob.uexp" 896
"../../../Engine/Plugins/Runtime/AudioWidgets/Content/AudioMaterialSlate/Functions/MF_Lines.uasset" 897
"../../../Engine/Plugins/Runtime/AudioWidgets/Content/AudioMaterialSlate/Functions/MF_Lines.uexp" 898
"../../../Engine/Plugins/Runtime/AudioWidgets/Content/AudioMaterialSlate/M_AudioMaterialMeter.uasset" 899
"../../../Engine/Plugins/Runtime/AudioWidgets/Content/AudioMaterialSlate/M_AudioMaterialMeter.uexp" 900
"../../../Engine/Plugins/Runtime/AudioWidgets/Content/AudioMaterialSlate/MI_AudioMaterialMeter.uasset" 901
"../../../Engine/Plugins/Runtime/AudioWidgets/Content/AudioMaterialSlate/MI_AudioMaterialMeter.uexp" 902
"../../../Engine/Plugins/Runtime/AudioWidgets/Content/AudioMaterialSlate/M_AudioMaterialRoundedSlider.uasset" 903
"../../../Engine/Plugins/Runtime/AudioWidgets/Content/AudioMaterialSlate/M_AudioMaterialRoundedSlider.uexp" 904
"../../../Engine/Plugins/Runtime/AudioWidgets/Content/AudioMaterialSlate/MI_AudioMaterialRoundedSlider.uasset" 905
"../../../Engine/Plugins/Runtime/AudioWidgets/Content/AudioMaterialSlate/MI_AudioMaterialRoundedSlider.uexp" 906
"../../../Engine/Plugins/Runtime/AudioWidgets/Content/AudioMaterialSlate/Functions/MF_SingleLine.uasset" 907
"../../../Engine/Plugins/Runtime/AudioWidgets/Content/AudioMaterialSlate/Functions/MF_SingleLine.uexp" 908
"../../../Engine/Plugins/Runtime/AudioWidgets/Content/AudioMaterialSlate/M_AudioMaterialToggleButton.uasset" 909
"../../../Engine/Plugins/Runtime/AudioWidgets/Content/AudioMaterialSlate/M_AudioMaterialToggleButton.uexp" 910
"../../../Engine/Plugins/Runtime/AudioWidgets/Content/AudioMaterialSlate/MI_AudioMaterialToggleButton.uasset" 911
"../../../Engine/Plugins/Runtime/AudioWidgets/Content/AudioMaterialSlate/MI_AudioMaterialToggleButton.uexp" 912
"../../../Engine/Plugins/2D/Paper2D/Content/DefaultSpriteMaterial.uasset" 913
"../../../Engine/Plugins/2D/Paper2D/Content/DefaultSpriteMaterial.uexp" 914
"../../../Engine/Plugins/2D/Paper2D/Content/MaskedUnlitSpriteMaterial.uasset" 915
"../../../Engine/Plugins/2D/Paper2D/Content/MaskedUnlitSpriteMaterial.uexp" 916
"../../../Engine/Plugins/2D/Paper2D/Content/OpaqueUnlitSpriteMaterial.uasset" 917
"../../../Engine/Plugins/2D/Paper2D/Content/OpaqueUnlitSpriteMaterial.uexp" 918
"../../../Engine/Plugins/Media/MediaPlate/Content/SM_MediaPlateScreen.ubulk" 919
"../../../Engine/Plugins/Media/MediaPlate/Content/SM_MediaPlateScreen.uasset" 920
"../../../Engine/Plugins/Media/MediaPlate/Content/SM_MediaPlateScreen.uexp" 921
"../../../Engine/Content/EngineResources/LandscapeVisibilityLayerInfo.uasset" 922
"../../../Engine/Content/EngineResources/LandscapeVisibilityLayerInfo.uexp" 923
"../../../Engine/Plugins/Animation/DeformerGraph/Content/DeformerFunctions/DG_Function_ComputeNormalsTangents.uasset" 924
"../../../Engine/Plugins/Animation/DeformerGraph/Content/DeformerFunctions/DG_Function_ComputeNormalsTangents.uexp" 925
"../../../Engine/Plugins/Animation/DeformerGraph/Content/DeformerFunctions/DG_Function_LinearBlendSkin_Morph_Cloth.uasset" 926
"../../../Engine/Plugins/Animation/DeformerGraph/Content/DeformerFunctions/DG_Function_LinearBlendSkin_Morph_Cloth.uexp" 927
"../../../Engine/Plugins/Animation/DeformerGraph/Content/DeformerFunctions/DG_Function_LinearBlendSkin_Morph_Cloth_PositionOnly.uasset" 928
"../../../Engine/Plugins/Animation/DeformerGraph/Content/DeformerFunctions/DG_Function_LinearBlendSkin_Morph_Cloth_PositionOnly.uexp" 929
"../../../Engine/Plugins/Animation/DeformerGraph/Content/Deformers/DG_LinearBlendSkin_Morph_Cloth.uasset" 930
"../../../Engine/Plugins/Animation/DeformerGraph/Content/Deformers/DG_LinearBlendSkin_Morph_Cloth.uexp" 931
"../../../Engine/Plugins/Animation/DeformerGraph/Content/Deformers/DG_LinearBlendSkin_Morph_Cloth_RecomputeNormals.uasset" 932
"../../../Engine/Plugins/Animation/DeformerGraph/Content/Deformers/DG_LinearBlendSkin_Morph_Cloth_RecomputeNormals.uexp" 933
"../../../Engine/Plugins/NNE/NNEDenoiser/Content/NNEDT_Oidn2-3_Balanced.uasset" 934
"../../../Engine/Plugins/NNE/NNEDenoiser/Content/NNEDT_Oidn2-3_Balanced.uexp" 935
"../../../Engine/Plugins/NNE/NNEDenoiser/Content/NNEDT_Oidn2-3_Balanced_Alpha.uasset" 936
"../../../Engine/Plugins/NNE/NNEDenoiser/Content/NNEDT_Oidn2-3_Balanced_Alpha.uexp" 937
"../../../Engine/Plugins/NNE/NNEDenoiser/Content/NNED_Oidn2-3_Balanced.uasset" 938
"../../../Engine/Plugins/NNE/NNEDenoiser/Content/NNED_Oidn2-3_Balanced.uexp" 939
"../../../Engine/Plugins/NNE/NNEDenoiser/Content/NNED_Oidn2-3_Balanced_Alpha.uasset" 940
"../../../Engine/Plugins/NNE/NNEDenoiser/Content/NNED_Oidn2-3_Balanced_Alpha.uexp" 941
"../../../Engine/Plugins/NNE/NNEDenoiser/Content/NNED_Oidn2-3_Fast.uasset" 942
"../../../Engine/Plugins/NNE/NNEDenoiser/Content/NNED_Oidn2-3_Fast.uexp" 943
"../../../Engine/Plugins/NNE/NNEDenoiser/Content/NNED_Oidn2-3_Fast_Alpha.uasset" 944
"../../../Engine/Plugins/NNE/NNEDenoiser/Content/NNED_Oidn2-3_Fast_Alpha.uexp" 945
"../../../Engine/Plugins/NNE/NNEDenoiser/Content/NNED_Oidn2-3_HighQuality.uasset" 946
"../../../Engine/Plugins/NNE/NNEDenoiser/Content/NNED_Oidn2-3_HighQuality.uexp" 947
"../../../Engine/Plugins/NNE/NNEDenoiser/Content/NNED_Oidn2-3_HighQuality_Alpha.uasset" 948
"../../../Engine/Plugins/NNE/NNEDenoiser/Content/NNED_Oidn2-3_HighQuality_Alpha.uexp" 949
"../../../Engine/Plugins/NNE/NNEDenoiser/Content/NNE_oidn2-3-0_rt_hdr_alb_nrm_small__dyn__fp16_opset11_DenoiseAlpha.uasset" 950
"../../../Engine/Plugins/NNE/NNEDenoiser/Content/NNE_oidn2-3-0_rt_hdr_alb_nrm_small__dyn__fp16_opset11_DenoiseAlpha.uexp" 951
"../../../Engine/Plugins/NNE/NNEDenoiser/Content/NNE_oidn2-3-0_rt_hdr_alb_nrm_small__dyn__fp16_opset11_ForwardAlpha.uasset" 952
"../../../Engine/Plugins/NNE/NNEDenoiser/Content/NNE_oidn2-3-0_rt_hdr_alb_nrm_small__dyn__fp16_opset11_ForwardAlpha.uexp" 953
"../../../Engine/Plugins/NNE/NNEDenoiser/Content/NNE_oidn2-3-0_rt_hdr_alb_nrm__dyn__fp16_opset11_DenoiseAlpha.uasset" 954
"../../../Engine/Plugins/NNE/NNEDenoiser/Content/NNE_oidn2-3-0_rt_hdr_alb_nrm__dyn__fp16_opset11_DenoiseAlpha.uexp" 955
"../../../Engine/Plugins/NNE/NNEDenoiser/Content/NNE_oidn2-3-0_rt_hdr_alb_nrm__dyn__fp16_opset11_ForwardAlpha.uasset" 956
"../../../Engine/Plugins/NNE/NNEDenoiser/Content/NNE_oidn2-3-0_rt_hdr_alb_nrm__dyn__fp16_opset11_ForwardAlpha.uexp" 957
"../../../Engine/Plugins/NNE/NNEDenoiser/Content/NNE_oidn2-3-0_rt_hdr_calb_cnrm_large__dyn__fp16_opset11_DenoiseAlpha.uasset" 958
"../../../Engine/Plugins/NNE/NNEDenoiser/Content/NNE_oidn2-3-0_rt_hdr_calb_cnrm_large__dyn__fp16_opset11_DenoiseAlpha.uexp" 959
"../../../Engine/Plugins/NNE/NNEDenoiser/Content/NNE_oidn2-3-0_rt_hdr_calb_cnrm_large__dyn__fp16_opset11_ForwardAlpha.uasset" 960
"../../../Engine/Plugins/NNE/NNEDenoiser/Content/NNE_oidn2-3-0_rt_hdr_calb_cnrm_large__dyn__fp16_opset11_ForwardAlpha.uexp" 961
"../../../Engine/Content/BasicShapes/Cube.ubulk" 962
"../../../Engine/Content/BasicShapes/Cube.uasset" 963
"../../../Engine/Content/BasicShapes/Cube.uexp" 964
"../../../Engine/Content/BasicShapes/Plane.ubulk" 965
"../../../Engine/Content/BasicShapes/Plane.uasset" 966
"../../../Engine/Content/BasicShapes/Plane.uexp" 967
"C:/UnrealProjects/Crash-Out-Dummy/Content/Asset/CooperationGame/Assets/UI/Fout/F_002.uasset" 968
"C:/UnrealProjects/Crash-Out-Dummy/Content/Asset/CooperationGame/Assets/UI/Fout/F_002.uexp" 969
"C:/UnrealProjects/Crash-Out-Dummy/Content/Asset/Audio/Music/mus_4-4_104_level_theme_temp_lp.ubulk" 970
"C:/UnrealProjects/Crash-Out-Dummy/Content/Asset/Audio/Music/mus_4-4_104_level_theme_temp_lp.uasset" 971
"C:/UnrealProjects/Crash-Out-Dummy/Content/Asset/Audio/Music/mus_4-4_104_level_theme_temp_lp.uexp" 972
"C:/UnrealProjects/Crash-Out-Dummy/Content/Asset/Audio/Music/MS_Music.uasset" 973
"C:/UnrealProjects/Crash-Out-Dummy/Content/Asset/Audio/Music/MS_Music.uexp" 974
"C:/UnrealProjects/Crash-Out-Dummy/Content/MainCharacter/Input/IA_Slide.uasset" 975
"C:/UnrealProjects/Crash-Out-Dummy/Content/MainCharacter/Input/IA_Slide.uexp" 976
"C:/UnrealProjects/Crash-Out-Dummy/Content/MainCharacter/Input/IA_BtnInteract.uasset" 977
"C:/UnrealProjects/Crash-Out-Dummy/Content/MainCharacter/Input/IA_BtnInteract.uexp" 978
"C:/UnrealProjects/Crash-Out-Dummy/Content/MainCharacter/Input/IA_JumpMC.uasset" 979
"C:/UnrealProjects/Crash-Out-Dummy/Content/MainCharacter/Input/IA_JumpMC.uexp" 980
"C:/UnrealProjects/Crash-Out-Dummy/Content/ThirdPerson/Input/Actions/IA_Death.uasset" 981
"C:/UnrealProjects/Crash-Out-Dummy/Content/ThirdPerson/Input/Actions/IA_Death.uexp" 982
"../../../Engine/Content/Animation/DefaultAnimCurveCompressionSettings.uasset" 983
"../../../Engine/Content/Animation/DefaultAnimCurveCompressionSettings.uexp" 984
"../../../Engine/Content/Animation/DefaultVariableFrameStrippingSettings.uasset" 985
"../../../Engine/Content/Animation/DefaultVariableFrameStrippingSettings.uexp" 986
"../../../Engine/Content/Animation/DefaultRecorderBoneCompression.uasset" 987
"../../../Engine/Content/Animation/DefaultRecorderBoneCompression.uexp" 988
"C:/UnrealProjects/Crash-Out-Dummy/Content/Asset/Characters/Mannequins/Meshes/SK_Mannequin.uasset" 989
"C:/UnrealProjects/Crash-Out-Dummy/Content/Asset/Characters/Mannequins/Meshes/SK_Mannequin.uexp" 990
"C:/UnrealProjects/Crash-Out-Dummy/Content/Asset/Characters/Mannequins/Animations/Manny/MM_Walk_InPlace.uasset" 991
"C:/UnrealProjects/Crash-Out-Dummy/Content/Asset/Characters/Mannequins/Animations/Manny/MM_Walk_InPlace.uexp" 992
"../../../Engine/Content/Animation/DefaultAnimBoneCompressionSettings.uasset" 993
"../../../Engine/Content/Animation/DefaultAnimBoneCompressionSettings.uexp" 994
"C:/UnrealProjects/Crash-Out-Dummy/Content/Asset/Characters/Mannequins/Animations/Quinn/MF_Walk_Fwd.uasset" 995
"C:/UnrealProjects/Crash-Out-Dummy/Content/Asset/Characters/Mannequins/Animations/Quinn/MF_Walk_Fwd.uexp" 996
"C:/UnrealProjects/Crash-Out-Dummy/Content/Asset/Characters/Mannequins/Animations/Quinn/MF_Run_Fwd.uasset" 997
"C:/UnrealProjects/Crash-Out-Dummy/Content/Asset/Characters/Mannequins/Animations/Quinn/MF_Run_Fwd.uexp" 998
"C:/UnrealProjects/Crash-Out-Dummy/Content/Asset/Characters/Mannequins/Animations/Quinn/BS_MF_Unarmed_WalkRun.uasset" 999
"C:/UnrealProjects/Crash-Out-Dummy/Content/Asset/Characters/Mannequins/Animations/Quinn/BS_MF_Unarmed_WalkRun.uexp" 1000
"C:/UnrealProjects/Crash-Out-Dummy/Content/Asset/Characters/Mannequins/Animations/Manny/MM_Fall_Loop.uasset" 1001
"C:/UnrealProjects/Crash-Out-Dummy/Content/Asset/Characters/Mannequins/Animations/Manny/MM_Fall_Loop.uexp" 1002
"C:/UnrealProjects/Crash-Out-Dummy/Content/Asset/Audio/Main_Character/Movement/sfx_dummyfootsteps_nl_04.ubulk" 1003
"C:/UnrealProjects/Crash-Out-Dummy/Content/Asset/Audio/Main_Character/Movement/sfx_dummyfootsteps_nl_04.uasset" 1004
"C:/UnrealProjects/Crash-Out-Dummy/Content/Asset/Audio/Main_Character/Movement/sfx_dummyfootsteps_nl_04.uexp" 1005
"C:/UnrealProjects/Crash-Out-Dummy/Content/Asset/Audio/Main_Character/Movement/sfx_dummyfootsteps_nl_02.ubulk" 1006
"C:/UnrealProjects/Crash-Out-Dummy/Content/Asset/Audio/Main_Character/Movement/sfx_dummyfootsteps_nl_02.uasset" 1007
"C:/UnrealProjects/Crash-Out-Dummy/Content/Asset/Audio/Main_Character/Movement/sfx_dummyfootsteps_nl_02.uexp" 1008
"C:/UnrealProjects/Crash-Out-Dummy/Content/FootstepAttenuation.uasset" 1009
"C:/UnrealProjects/Crash-Out-Dummy/Content/FootstepAttenuation.uexp" 1010
"C:/UnrealProjects/Crash-Out-Dummy/Content/Asset/Audio/Main_Character/Movement/sfx_dummyfootsteps_nl_03.ubulk" 1011
"C:/UnrealProjects/Crash-Out-Dummy/Content/Asset/Audio/Main_Character/Movement/sfx_dummyfootsteps_nl_03.uasset" 1012
"C:/UnrealProjects/Crash-Out-Dummy/Content/Asset/Audio/Main_Character/Movement/sfx_dummyfootsteps_nl_03.uexp" 1013
"C:/UnrealProjects/Crash-Out-Dummy/Content/Asset/Audio/Main_Character/Movement/sfx_dummyfootsteps_nl_01.ubulk" 1014
"C:/UnrealProjects/Crash-Out-Dummy/Content/Asset/Audio/Main_Character/Movement/sfx_dummyfootsteps_nl_01.uasset" 1015
"C:/UnrealProjects/Crash-Out-Dummy/Content/Asset/Audio/Main_Character/Movement/sfx_dummyfootsteps_nl_01.uexp" 1016
"C:/UnrealProjects/Crash-Out-Dummy/Content/Asset/Audio/Main_Character/Movement/MS_Footsteps.uasset" 1017
"C:/UnrealProjects/Crash-Out-Dummy/Content/Asset/Audio/Main_Character/Movement/MS_Footsteps.uexp" 1018
"C:/UnrealProjects/Crash-Out-Dummy/Content/Asset/Characters/Mannequins/Animations/Manny/MM_Land.uasset" 1019
"C:/UnrealProjects/Crash-Out-Dummy/Content/Asset/Characters/Mannequins/Animations/Manny/MM_Land.uexp" 1020
"C:/UnrealProjects/Crash-Out-Dummy/Content/Asset/Characters/Mannequins/Animations/Manny/MM_Run_Fwd.uasset" 1021
"C:/UnrealProjects/Crash-Out-Dummy/Content/Asset/Characters/Mannequins/Animations/Manny/MM_Run_Fwd.uexp" 1022
"C:/UnrealProjects/Crash-Out-Dummy/Content/Asset/Characters/Mannequins/Animations/Manny/MM_Walk_Fwd.uasset" 1023
"C:/UnrealProjects/Crash-Out-Dummy/Content/Asset/Characters/Mannequins/Animations/Manny/MM_Walk_Fwd.uexp" 1024
"C:/UnrealProjects/Crash-Out-Dummy/Content/Asset/Characters/Mannequins/Animations/Manny/BS_MM_WalkRun.uasset" 1025
"C:/UnrealProjects/Crash-Out-Dummy/Content/Asset/Characters/Mannequins/Animations/Manny/BS_MM_WalkRun.uexp" 1026
"C:/UnrealProjects/Crash-Out-Dummy/Content/Asset/Characters/Mannequins/Animations/Manny/MM_Idle.uasset" 1027
"C:/UnrealProjects/Crash-Out-Dummy/Content/Asset/Characters/Mannequins/Animations/Manny/MM_Idle.uexp" 1028
"../../../Engine/Plugins/Animation/ControlRig/Content/Controls/DefaultGizmoLibrary.uasset" 1029
"../../../Engine/Plugins/Animation/ControlRig/Content/Controls/DefaultGizmoLibrary.uexp" 1030
"C:/UnrealProjects/Crash-Out-Dummy/Content/Asset/Characters/Mannequins/Rigs/CR_Mannequin_BasicFootIK.uasset" 1031
"C:/UnrealProjects/Crash-Out-Dummy/Content/Asset/Characters/Mannequins/Rigs/CR_Mannequin_BasicFootIK.uexp" 1032
"C:/UnrealProjects/Crash-Out-Dummy/Content/Asset/Audio/Main_Character/Movement/sfx_jumps_with_motors_nl_03.ubulk" 1033
"C:/UnrealProjects/Crash-Out-Dummy/Content/Asset/Audio/Main_Character/Movement/sfx_jumps_with_motors_nl_03.uasset" 1034
"C:/UnrealProjects/Crash-Out-Dummy/Content/Asset/Audio/Main_Character/Movement/sfx_jumps_with_motors_nl_03.uexp" 1035
"C:/UnrealProjects/Crash-Out-Dummy/Content/Asset/Audio/Main_Character/Movement/sfx_jumps_with_motors_nl_04.ubulk" 1036
"C:/UnrealProjects/Crash-Out-Dummy/Content/Asset/Audio/Main_Character/Movement/sfx_jumps_with_motors_nl_04.uasset" 1037
"C:/UnrealProjects/Crash-Out-Dummy/Content/Asset/Audio/Main_Character/Movement/sfx_jumps_with_motors_nl_04.uexp" 1038
"C:/UnrealProjects/Crash-Out-Dummy/Content/Asset/Audio/Main_Character/Movement/sfx_jumps_with_motors_nl_01.ubulk" 1039
"C:/UnrealProjects/Crash-Out-Dummy/Content/Asset/Audio/Main_Character/Movement/sfx_jumps_with_motors_nl_01.uasset" 1040
"C:/UnrealProjects/Crash-Out-Dummy/Content/Asset/Audio/Main_Character/Movement/sfx_jumps_with_motors_nl_01.uexp" 1041
"C:/UnrealProjects/Crash-Out-Dummy/Content/Asset/Audio/Main_Character/Movement/sfx_jumps_with_motors_nl_02.ubulk" 1042
"C:/UnrealProjects/Crash-Out-Dummy/Content/Asset/Audio/Main_Character/Movement/sfx_jumps_with_motors_nl_02.uasset" 1043
"C:/UnrealProjects/Crash-Out-Dummy/Content/Asset/Audio/Main_Character/Movement/sfx_jumps_with_motors_nl_02.uexp" 1044
"C:/UnrealProjects/Crash-Out-Dummy/Content/Asset/Audio/Main_Character/Movement/MS_Jumps.uasset" 1045
"C:/UnrealProjects/Crash-Out-Dummy/Content/Asset/Audio/Main_Character/Movement/MS_Jumps.uexp" 1046
"C:/UnrealProjects/Crash-Out-Dummy/Content/Asset/Characters/Mannequins/Animations/Manny/MM_Jump.uasset" 1047
"C:/UnrealProjects/Crash-Out-Dummy/Content/Asset/Characters/Mannequins/Animations/Manny/MM_Jump.uexp" 1048
"C:/UnrealProjects/Crash-Out-Dummy/Content/Asset/Characters/Mannequins/Animations/ABP_Manny.uasset" 1049
"C:/UnrealProjects/Crash-Out-Dummy/Content/Asset/Characters/Mannequins/Animations/ABP_Manny.uexp" 1050
"C:/UnrealProjects/Crash-Out-Dummy/Content/Asset/Characters/Mannequins/Animations/Quinn/MF_Idle.uasset" 1051
"C:/UnrealProjects/Crash-Out-Dummy/Content/Asset/Characters/Mannequins/Animations/Quinn/MF_Idle.uexp" 1052
"C:/UnrealProjects/Crash-Out-Dummy/Content/Asset/Characters/Mannequins/Animations/ABP_Quinn.uasset" 1053
"C:/UnrealProjects/Crash-Out-Dummy/Content/Asset/Characters/Mannequins/Animations/ABP_Quinn.uexp" 1054
"C:/UnrealProjects/Crash-Out-Dummy/Content/ThirdPerson/Input/Actions/IA_Jump.uasset" 1055
"C:/UnrealProjects/Crash-Out-Dummy/Content/ThirdPerson/Input/Actions/IA_Jump.uexp" 1056
"C:/UnrealProjects/Crash-Out-Dummy/Content/ThirdPerson/Input/Actions/IA_TimeStop.uasset" 1057
"C:/UnrealProjects/Crash-Out-Dummy/Content/ThirdPerson/Input/Actions/IA_TimeStop.uexp" 1058
"C:/UnrealProjects/Crash-Out-Dummy/Content/ThirdPerson/Input/Actions/IA_Look.uasset" 1059
"C:/UnrealProjects/Crash-Out-Dummy/Content/ThirdPerson/Input/Actions/IA_Look.uexp" 1060
"C:/UnrealProjects/Crash-Out-Dummy/Content/ThirdPerson/Input/Actions/IA_SlowMotion.uasset" 1061
"C:/UnrealProjects/Crash-Out-Dummy/Content/ThirdPerson/Input/Actions/IA_SlowMotion.uexp" 1062
"C:/UnrealProjects/Crash-Out-Dummy/Content/ThirdPerson/Input/Actions/IA_Move.uasset" 1063
"C:/UnrealProjects/Crash-Out-Dummy/Content/ThirdPerson/Input/Actions/IA_Move.uexp" 1064
"C:/UnrealProjects/Crash-Out-Dummy/Content/ThirdPerson/Input/IMC_Default.uasset" 1065
"C:/UnrealProjects/Crash-Out-Dummy/Content/ThirdPerson/Input/IMC_Default.uexp" 1066
"C:/UnrealProjects/Crash-Out-Dummy/Content/Asset/Characters/Mannequins/Textures/Quinn/T_Quinn_02_CCRCCPlastic_MSK.ubulk" 1067
"C:/UnrealProjects/Crash-Out-Dummy/Content/Asset/Characters/Mannequins/Textures/Quinn/T_Quinn_02_CCRCCPlastic_MSK.uasset" 1068
"C:/UnrealProjects/Crash-Out-Dummy/Content/Asset/Characters/Mannequins/Textures/Quinn/T_Quinn_02_CCRCCPlastic_MSK.uexp" 1069
"C:/UnrealProjects/Crash-Out-Dummy/Content/Asset/Characters/Mannequins/Textures/Quinn/T_Quinn_02ID_BN.ubulk" 1070
"C:/UnrealProjects/Crash-Out-Dummy/Content/Asset/Characters/Mannequins/Textures/Quinn/T_Quinn_02ID_BN.uasset" 1071
"C:/UnrealProjects/Crash-Out-Dummy/Content/Asset/Characters/Mannequins/Textures/Quinn/T_Quinn_02ID_BN.uexp" 1072
"C:/UnrealProjects/Crash-Out-Dummy/Content/Asset/Characters/Mannequins/Textures/Quinn/T_Quinn_02_ASAOMASK_MSK.ubulk" 1073
"C:/UnrealProjects/Crash-Out-Dummy/Content/Asset/Characters/Mannequins/Textures/Quinn/T_Quinn_02_ASAOMASK_MSK.uasset" 1074
"C:/UnrealProjects/Crash-Out-Dummy/Content/Asset/Characters/Mannequins/Textures/Quinn/T_Quinn_02_ASAOMASK_MSK.uexp" 1075
"C:/UnrealProjects/Crash-Out-Dummy/Content/Asset/Characters/Mannequins/Textures/Quinn/T_Quinn_02ID_N.ubulk" 1076
"C:/UnrealProjects/Crash-Out-Dummy/Content/Asset/Characters/Mannequins/Textures/Quinn/T_Quinn_02ID_N.uasset" 1077
"C:/UnrealProjects/Crash-Out-Dummy/Content/Asset/Characters/Mannequins/Textures/Quinn/T_Quinn_02ID_N.uexp" 1078
"C:/UnrealProjects/Crash-Out-Dummy/Content/Asset/Characters/Mannequins/Textures/Quinn/T_Quinn_02ID_Tan.ubulk" 1079
"C:/UnrealProjects/Crash-Out-Dummy/Content/Asset/Characters/Mannequins/Textures/Quinn/T_Quinn_02ID_Tan.uasset" 1080
"C:/UnrealProjects/Crash-Out-Dummy/Content/Asset/Characters/Mannequins/Textures/Quinn/T_Quinn_02ID_Tan.uexp" 1081
"C:/UnrealProjects/Crash-Out-Dummy/Content/Asset/Characters/Mannequins/Textures/Quinn/T_Quinn_01_CCRCCPlastic_MSK.ubulk" 1082
"C:/UnrealProjects/Crash-Out-Dummy/Content/Asset/Characters/Mannequins/Textures/Quinn/T_Quinn_01_CCRCCPlastic_MSK.uasset" 1083
"C:/UnrealProjects/Crash-Out-Dummy/Content/Asset/Characters/Mannequins/Textures/Quinn/T_Quinn_01_CCRCCPlastic_MSK.uexp" 1084
"C:/UnrealProjects/Crash-Out-Dummy/Content/Asset/Characters/Mannequins/Textures/Quinn/T_Quinn_01ID_N.ubulk" 1085
"C:/UnrealProjects/Crash-Out-Dummy/Content/Asset/Characters/Mannequins/Textures/Quinn/T_Quinn_01ID_N.uasset" 1086
"C:/UnrealProjects/Crash-Out-Dummy/Content/Asset/Characters/Mannequins/Textures/Quinn/T_Quinn_01ID_N.uexp" 1087
"C:/UnrealProjects/Crash-Out-Dummy/Content/Asset/Characters/Mannequins/Textures/Quinn/T_Quinn_01ID_Tan.ubulk" 1088
"C:/UnrealProjects/Crash-Out-Dummy/Content/Asset/Characters/Mannequins/Textures/Quinn/T_Quinn_01ID_Tan.uasset" 1089
"C:/UnrealProjects/Crash-Out-Dummy/Content/Asset/Characters/Mannequins/Textures/Quinn/T_Quinn_01ID_Tan.uexp" 1090
"C:/UnrealProjects/Crash-Out-Dummy/Content/Asset/Characters/Mannequins/Textures/Quinn/T_Quinn_01ID_MSR_MSK.ubulk" 1091
"C:/UnrealProjects/Crash-Out-Dummy/Content/Asset/Characters/Mannequins/Textures/Quinn/T_Quinn_01ID_MSR_MSK.uasset" 1092
"C:/UnrealProjects/Crash-Out-Dummy/Content/Asset/Characters/Mannequins/Textures/Quinn/T_Quinn_01ID_MSR_MSK.uexp" 1093
"C:/UnrealProjects/Crash-Out-Dummy/Content/Asset/Characters/Mannequins/Textures/Manny/T_Manny_01_ASAOPMASK_MSK.ubulk" 1094
"C:/UnrealProjects/Crash-Out-Dummy/Content/Asset/Characters/Mannequins/Textures/Manny/T_Manny_01_ASAOPMASK_MSK.uasset" 1095
"C:/UnrealProjects/Crash-Out-Dummy/Content/Asset/Characters/Mannequins/Textures/Manny/T_Manny_01_ASAOPMASK_MSK.uexp" 1096
"C:/UnrealProjects/Crash-Out-Dummy/Content/Asset/Characters/Mannequins/Textures/Shared/T_UE_Logo_M.uasset" 1097
"C:/UnrealProjects/Crash-Out-Dummy/Content/Asset/Characters/Mannequins/Textures/Shared/T_UE_Logo_M.uexp" 1098
"C:/UnrealProjects/Crash-Out-Dummy/Content/Asset/Characters/Mannequins/Materials/Functions/MF_logo3layers.uasset" 1099
"C:/UnrealProjects/Crash-Out-Dummy/Content/Asset/Characters/Mannequins/Materials/Functions/MF_logo3layers.uexp" 1100
"C:/UnrealProjects/Crash-Out-Dummy/Content/Asset/Characters/Mannequins/Textures/Manny/T_Manny_01_MSR_MSK.ubulk" 1101
"C:/UnrealProjects/Crash-Out-Dummy/Content/Asset/Characters/Mannequins/Textures/Manny/T_Manny_01_MSR_MSK.uasset" 1102
"C:/UnrealProjects/Crash-Out-Dummy/Content/Asset/Characters/Mannequins/Textures/Manny/T_Manny_01_MSR_MSK.uexp" 1103
"C:/UnrealProjects/Crash-Out-Dummy/Content/Asset/Characters/Mannequins/Textures/Manny/T_Manny_01_Tan.ubulk" 1104
"C:/UnrealProjects/Crash-Out-Dummy/Content/Asset/Characters/Mannequins/Textures/Manny/T_Manny_01_Tan.uasset" 1105
"C:/UnrealProjects/Crash-Out-Dummy/Content/Asset/Characters/Mannequins/Textures/Manny/T_Manny_01_Tan.uexp" 1106
"C:/UnrealProjects/Crash-Out-Dummy/Content/Asset/Characters/Mannequins/Textures/Manny/T_Manny_01_N.ubulk" 1107
"C:/UnrealProjects/Crash-Out-Dummy/Content/Asset/Characters/Mannequins/Textures/Manny/T_Manny_01_N.uasset" 1108
"C:/UnrealProjects/Crash-Out-Dummy/Content/Asset/Characters/Mannequins/Textures/Manny/T_Manny_01_N.uexp" 1109
"C:/UnrealProjects/Crash-Out-Dummy/Content/Asset/Characters/Mannequins/Textures/Manny/T_Manny_01_D.ubulk" 1110
"C:/UnrealProjects/Crash-Out-Dummy/Content/Asset/Characters/Mannequins/Textures/Manny/T_Manny_01_D.uasset" 1111
"C:/UnrealProjects/Crash-Out-Dummy/Content/Asset/Characters/Mannequins/Textures/Manny/T_Manny_01_D.uexp" 1112
"C:/UnrealProjects/Crash-Out-Dummy/Content/Asset/Characters/Mannequins/Materials/Functions/ChromaticCurve.uasset" 1113
"C:/UnrealProjects/Crash-Out-Dummy/Content/Asset/Characters/Mannequins/Materials/Functions/ChromaticCurve.uexp" 1114
"C:/UnrealProjects/Crash-Out-Dummy/Content/Asset/Characters/Mannequins/Materials/Functions/CA_Mannequin.uasset" 1115
"C:/UnrealProjects/Crash-Out-Dummy/Content/Asset/Characters/Mannequins/Materials/Functions/CA_Mannequin.uexp" 1116
"C:/UnrealProjects/Crash-Out-Dummy/Content/Asset/Characters/Mannequins/Materials/Functions/MF_Diffraction.uasset" 1117
"C:/UnrealProjects/Crash-Out-Dummy/Content/Asset/Characters/Mannequins/Materials/Functions/MF_Diffraction.uexp" 1118
"C:/UnrealProjects/Crash-Out-Dummy/Content/Asset/Characters/Mannequins/Textures/Manny/T_Manny_01_CCRCCPlastic_MSK.ubulk" 1119
"C:/UnrealProjects/Crash-Out-Dummy/Content/Asset/Characters/Mannequins/Textures/Manny/T_Manny_01_CCRCCPlastic_MSK.uasset" 1120
"C:/UnrealProjects/Crash-Out-Dummy/Content/Asset/Characters/Mannequins/Textures/Manny/T_Manny_01_CCRCCPlastic_MSK.uexp" 1121
"C:/UnrealProjects/Crash-Out-Dummy/Content/Asset/Characters/Mannequins/Materials/Functions/ML_BaseColorFallOff.uasset" 1122
"C:/UnrealProjects/Crash-Out-Dummy/Content/Asset/Characters/Mannequins/Materials/Functions/ML_BaseColorFallOff.uexp" 1123
"C:/UnrealProjects/Crash-Out-Dummy/Content/Asset/Characters/Mannequins/Textures/Manny/T_Manny_01_BN.ubulk" 1124
"C:/UnrealProjects/Crash-Out-Dummy/Content/Asset/Characters/Mannequins/Textures/Manny/T_Manny_01_BN.uasset" 1125
"C:/UnrealProjects/Crash-Out-Dummy/Content/Asset/Characters/Mannequins/Textures/Manny/T_Manny_01_BN.uexp" 1126
"C:/UnrealProjects/Crash-Out-Dummy/Content/Asset/Characters/Mannequins/Materials/M_Mannequin.uasset" 1127
"C:/UnrealProjects/Crash-Out-Dummy/Content/Asset/Characters/Mannequins/Materials/M_Mannequin.uexp" 1128
"C:/UnrealProjects/Crash-Out-Dummy/Content/Asset/Characters/Mannequins/Textures/Quinn/T_Quinn_01ID_D.ubulk" 1129
"C:/UnrealProjects/Crash-Out-Dummy/Content/Asset/Characters/Mannequins/Textures/Quinn/T_Quinn_01ID_D.uasset" 1130
"C:/UnrealProjects/Crash-Out-Dummy/Content/Asset/Characters/Mannequins/Textures/Quinn/T_Quinn_01ID_D.uexp" 1131
"C:/UnrealProjects/Crash-Out-Dummy/Content/Asset/Characters/Mannequins/Textures/Quinn/T_Quinn_01ID_BN.ubulk" 1132
"C:/UnrealProjects/Crash-Out-Dummy/Content/Asset/Characters/Mannequins/Textures/Quinn/T_Quinn_01ID_BN.uasset" 1133
"C:/UnrealProjects/Crash-Out-Dummy/Content/Asset/Characters/Mannequins/Textures/Quinn/T_Quinn_01ID_BN.uexp" 1134
"C:/UnrealProjects/Crash-Out-Dummy/Content/Asset/Characters/Mannequins/Textures/Quinn/T_Quinn_01_ASAOMASK_MSK.ubulk" 1135
"C:/UnrealProjects/Crash-Out-Dummy/Content/Asset/Characters/Mannequins/Textures/Quinn/T_Quinn_01_ASAOMASK_MSK.uasset" 1136
"C:/UnrealProjects/Crash-Out-Dummy/Content/Asset/Characters/Mannequins/Textures/Quinn/T_Quinn_01_ASAOMASK_MSK.uexp" 1137
"C:/UnrealProjects/Crash-Out-Dummy/Content/Asset/Characters/Mannequins/Materials/Instances/Quinn/MI_Quinn_01.uasset" 1138
"C:/UnrealProjects/Crash-Out-Dummy/Content/Asset/Characters/Mannequins/Materials/Instances/Quinn/MI_Quinn_01.uexp" 1139
"C:/UnrealProjects/Crash-Out-Dummy/Content/Asset/Characters/Mannequins/Textures/Quinn/T_Quinn_02ID_MSR_MSK.ubulk" 1140
"C:/UnrealProjects/Crash-Out-Dummy/Content/Asset/Characters/Mannequins/Textures/Quinn/T_Quinn_02ID_MSR_MSK.uasset" 1141
"C:/UnrealProjects/Crash-Out-Dummy/Content/Asset/Characters/Mannequins/Textures/Quinn/T_Quinn_02ID_MSR_MSK.uexp" 1142
"C:/UnrealProjects/Crash-Out-Dummy/Content/Asset/Characters/Mannequins/Textures/Quinn/T_Quinn_02ID_D.ubulk" 1143
"C:/UnrealProjects/Crash-Out-Dummy/Content/Asset/Characters/Mannequins/Textures/Quinn/T_Quinn_02ID_D.uasset" 1144
"C:/UnrealProjects/Crash-Out-Dummy/Content/Asset/Characters/Mannequins/Textures/Quinn/T_Quinn_02ID_D.uexp" 1145
"C:/UnrealProjects/Crash-Out-Dummy/Content/Asset/Characters/Mannequins/Materials/Instances/Quinn/MI_Quinn_02.uasset" 1146
"C:/UnrealProjects/Crash-Out-Dummy/Content/Asset/Characters/Mannequins/Materials/Instances/Quinn/MI_Quinn_02.uexp" 1147
"C:/UnrealProjects/Crash-Out-Dummy/Content/Asset/Characters/Mannequins/Rigs/PA_Mannequin.uasset" 1148
"C:/UnrealProjects/Crash-Out-Dummy/Content/Asset/Characters/Mannequins/Rigs/PA_Mannequin.uexp" 1149
"C:/UnrealProjects/Crash-Out-Dummy/Content/Asset/Characters/Mannequins/Meshes/SKM_Quinn_Simple.uasset" 1150
"C:/UnrealProjects/Crash-Out-Dummy/Content/Asset/Characters/Mannequins/Meshes/SKM_Quinn_Simple.uexp" 1151
"C:/UnrealProjects/Crash-Out-Dummy/Content/MainCharacter/Input/IA_Pause.uasset" 1152
"C:/UnrealProjects/Crash-Out-Dummy/Content/MainCharacter/Input/IA_Pause.uexp" 1153
"C:/UnrealProjects/Crash-Out-Dummy/Content/MainCharacter/Input/IA_LookMC.uasset" 1154
"C:/UnrealProjects/Crash-Out-Dummy/Content/MainCharacter/Input/IA_LookMC.uexp" 1155
"C:/UnrealProjects/Crash-Out-Dummy/Content/MainCharacter/Input/IA_MoveMC.uasset" 1156
"C:/UnrealProjects/Crash-Out-Dummy/Content/MainCharacter/Input/IA_MoveMC.uexp" 1157
"C:/UnrealProjects/Crash-Out-Dummy/Content/MainCharacter/Input/IA_Sprint.uasset" 1158
"C:/UnrealProjects/Crash-Out-Dummy/Content/MainCharacter/Input/IA_Sprint.uexp" 1159
"C:/UnrealProjects/Crash-Out-Dummy/Content/MainCharacter/Input/IMC_MainCharacter.uasset" 1160
"C:/UnrealProjects/Crash-Out-Dummy/Content/MainCharacter/Input/IMC_MainCharacter.uexp" 1161
"C:/UnrealProjects/Crash-Out-Dummy/Content/Asset/CooperationGame/Assets/UI/WB_Message.uasset" 1162
"C:/UnrealProjects/Crash-Out-Dummy/Content/Asset/CooperationGame/Assets/UI/WB_Message.uexp" 1163
"C:/UnrealProjects/Crash-Out-Dummy/Content/Asset/CooperationGame/Assets/UI/WB_Pass.uasset" 1164
"C:/UnrealProjects/Crash-Out-Dummy/Content/Asset/CooperationGame/Assets/UI/WB_Pass.uexp" 1165
"C:/UnrealProjects/Crash-Out-Dummy/Content/UI/Art/1.uasset" 1166
"C:/UnrealProjects/Crash-Out-Dummy/Content/UI/Art/1.uexp" 1167
"C:/UnrealProjects/Crash-Out-Dummy/Content/UI/Art/BACK_Button.uasset" 1168
"C:/UnrealProjects/Crash-Out-Dummy/Content/UI/Art/BACK_Button.uexp" 1169
"C:/UnrealProjects/Crash-Out-Dummy/Content/SaveGame/SettingsSave/BP_SettingsSave.uasset" 1170
"C:/UnrealProjects/Crash-Out-Dummy/Content/SaveGame/SettingsSave/BP_SettingsSave.uexp" 1171
"C:/UnrealProjects/Crash-Out-Dummy/Content/UI/Art/SETTINGS_Button.uasset" 1172
"C:/UnrealProjects/Crash-Out-Dummy/Content/UI/Art/SETTINGS_Button.uexp" 1173
"C:/UnrealProjects/Crash-Out-Dummy/Content/UI/Art/BACK.uasset" 1174
"C:/UnrealProjects/Crash-Out-Dummy/Content/UI/Art/BACK.uexp" 1175
"C:/UnrealProjects/Crash-Out-Dummy/Content/UI/game_ui_art/Font/BAUHS93.uexp" 1176
"C:/UnrealProjects/Crash-Out-Dummy/Content/UI/game_ui_art/Font/BAUHS93.uasset" 1177
"C:/UnrealProjects/Crash-Out-Dummy/Content/UI/game_ui_art/Font/BAUHS93.ufont" 1178
"C:/UnrealProjects/Crash-Out-Dummy/Content/UI/game_ui_art/Font/BAUHS93_Font.uasset" 1179
"C:/UnrealProjects/Crash-Out-Dummy/Content/UI/game_ui_art/Font/BAUHS93_Font.uexp" 1180
"C:/UnrealProjects/Crash-Out-Dummy/Content/UI/Art/2.uasset" 1181
"C:/UnrealProjects/Crash-Out-Dummy/Content/UI/Art/2.uexp" 1182
"C:/UnrealProjects/Crash-Out-Dummy/Content/UI/Art/3.uasset" 1183
"C:/UnrealProjects/Crash-Out-Dummy/Content/UI/Art/3.uexp" 1184
"C:/UnrealProjects/Crash-Out-Dummy/Content/UI/Art/SETTINGS.uasset" 1185
"C:/UnrealProjects/Crash-Out-Dummy/Content/UI/Art/SETTINGS.uexp" 1186
"C:/UnrealProjects/Crash-Out-Dummy/Content/UI/game_ui_art/Homepage/START.uasset" 1187
"C:/UnrealProjects/Crash-Out-Dummy/Content/UI/game_ui_art/Homepage/START.uexp" 1188
"C:/UnrealProjects/Crash-Out-Dummy/Content/UI/game_ui_art/Homepage/1.uasset" 1189
"C:/UnrealProjects/Crash-Out-Dummy/Content/UI/game_ui_art/Homepage/1.uexp" 1190
"C:/UnrealProjects/Crash-Out-Dummy/Content/UI/game_ui_art/Font/SmileySans-Oblique.uexp" 1191
"C:/UnrealProjects/Crash-Out-Dummy/Content/UI/game_ui_art/Font/SmileySans-Oblique.uasset" 1192
"C:/UnrealProjects/Crash-Out-Dummy/Content/UI/game_ui_art/Font/SmileySans-Oblique.ufont" 1193
"C:/UnrealProjects/Crash-Out-Dummy/Content/UI/game_ui_art/Font/SmileySans-Oblique_Font.uasset" 1194
"C:/UnrealProjects/Crash-Out-Dummy/Content/UI/game_ui_art/Font/SmileySans-Oblique_Font.uexp" 1195
"C:/UnrealProjects/Crash-Out-Dummy/Content/UI/game_ui_art_new/loading_screen/fort_1.uasset" 1196
"C:/UnrealProjects/Crash-Out-Dummy/Content/UI/game_ui_art_new/loading_screen/fort_1.uexp" 1197
"C:/UnrealProjects/Crash-Out-Dummy/Content/UI/game_ui_art_new/loading_screen/2.uasset" 1198
"C:/UnrealProjects/Crash-Out-Dummy/Content/UI/game_ui_art_new/loading_screen/2.uexp" 1199
"C:/UnrealProjects/Crash-Out-Dummy/Content/UI/W_LoadingScreen.uasset" 1200
"C:/UnrealProjects/Crash-Out-Dummy/Content/UI/W_LoadingScreen.uexp" 1201
"C:/UnrealProjects/Crash-Out-Dummy/Content/UI/game_ui_art/Homepage/3.uasset" 1202
"C:/UnrealProjects/Crash-Out-Dummy/Content/UI/game_ui_art/Homepage/3.uexp" 1203
"C:/UnrealProjects/Crash-Out-Dummy/Content/UI/game_ui_art/Homepage/Crash_Out__Dummy.uasset" 1204
"C:/UnrealProjects/Crash-Out-Dummy/Content/UI/game_ui_art/Homepage/Crash_Out__Dummy.uexp" 1205
"C:/UnrealProjects/Crash-Out-Dummy/Content/UI/game_ui_art/Homepage/QUIT.uasset" 1206
"C:/UnrealProjects/Crash-Out-Dummy/Content/UI/game_ui_art/Homepage/QUIT.uexp" 1207
"C:/UnrealProjects/Crash-Out-Dummy/Content/UI/game_ui_art/Homepage/SETTINGS.uasset" 1208
"C:/UnrealProjects/Crash-Out-Dummy/Content/UI/game_ui_art/Homepage/SETTINGS.uexp" 1209
"C:/UnrealProjects/Crash-Out-Dummy/Content/UI/game_ui_art/Homepage/2.uasset" 1210
"C:/UnrealProjects/Crash-Out-Dummy/Content/UI/game_ui_art/Homepage/2.uexp" 1211
"C:/UnrealProjects/Crash-Out-Dummy/Content/UI/W_MainMenu.uasset" 1212
"C:/UnrealProjects/Crash-Out-Dummy/Content/UI/W_MainMenu.uexp" 1213
"C:/UnrealProjects/Crash-Out-Dummy/Content/UI/W_OptionsMenu.uasset" 1214
"C:/UnrealProjects/Crash-Out-Dummy/Content/UI/W_OptionsMenu.uexp" 1215
"C:/UnrealProjects/Crash-Out-Dummy/Content/UI/W_PauseMenu.uasset" 1216
"C:/UnrealProjects/Crash-Out-Dummy/Content/UI/W_PauseMenu.uexp" 1217
"C:/UnrealProjects/Crash-Out-Dummy/Content/ThirdPerson/Blueprints/BP_PlayerController.uasset" 1218
"C:/UnrealProjects/Crash-Out-Dummy/Content/ThirdPerson/Blueprints/BP_PlayerController.uexp" 1219
"C:/UnrealProjects/Crash-Out-Dummy/Content/ThirdPerson/Blueprints/BP_ThirdPersonGameMode.uasset" 1220
"C:/UnrealProjects/Crash-Out-Dummy/Content/ThirdPerson/Blueprints/BP_ThirdPersonGameMode.uexp" 1221
"C:/UnrealProjects/Crash-Out-Dummy/Content/ThirdPerson/Blueprints/BP_ThirdPersonCharacter.uasset" 1222
"C:/UnrealProjects/Crash-Out-Dummy/Content/ThirdPerson/Blueprints/BP_ThirdPersonCharacter.uexp" 1223
"C:/UnrealProjects/Crash-Out-Dummy/Content/Asset/Characters/Mannequins/Materials/Instances/Manny/MI_Manny_01.uasset" 1224
"C:/UnrealProjects/Crash-Out-Dummy/Content/Asset/Characters/Mannequins/Materials/Instances/Manny/MI_Manny_01.uexp" 1225
"C:/UnrealProjects/Crash-Out-Dummy/Content/Asset/Characters/Mannequins/Textures/Manny/T_Manny_02_ASAOPMASK_MSK.ubulk" 1226
"C:/UnrealProjects/Crash-Out-Dummy/Content/Asset/Characters/Mannequins/Textures/Manny/T_Manny_02_ASAOPMASK_MSK.uasset" 1227
"C:/UnrealProjects/Crash-Out-Dummy/Content/Asset/Characters/Mannequins/Textures/Manny/T_Manny_02_ASAOPMASK_MSK.uexp" 1228
"C:/UnrealProjects/Crash-Out-Dummy/Content/Asset/Characters/Mannequins/Textures/Manny/T_Manny_02_BN.ubulk" 1229
"C:/UnrealProjects/Crash-Out-Dummy/Content/Asset/Characters/Mannequins/Textures/Manny/T_Manny_02_BN.uasset" 1230
"C:/UnrealProjects/Crash-Out-Dummy/Content/Asset/Characters/Mannequins/Textures/Manny/T_Manny_02_BN.uexp" 1231
"C:/UnrealProjects/Crash-Out-Dummy/Content/Asset/Characters/Mannequins/Textures/Manny/T_Manny_02_MSR_MSK.ubulk" 1232
"C:/UnrealProjects/Crash-Out-Dummy/Content/Asset/Characters/Mannequins/Textures/Manny/T_Manny_02_MSR_MSK.uasset" 1233
"C:/UnrealProjects/Crash-Out-Dummy/Content/Asset/Characters/Mannequins/Textures/Manny/T_Manny_02_MSR_MSK.uexp" 1234
"C:/UnrealProjects/Crash-Out-Dummy/Content/Asset/Characters/Mannequins/Textures/Manny/T_Manny_02_N.ubulk" 1235
"C:/UnrealProjects/Crash-Out-Dummy/Content/Asset/Characters/Mannequins/Textures/Manny/T_Manny_02_N.uasset" 1236
"C:/UnrealProjects/Crash-Out-Dummy/Content/Asset/Characters/Mannequins/Textures/Manny/T_Manny_02_N.uexp" 1237
"C:/UnrealProjects/Crash-Out-Dummy/Content/Asset/Characters/Mannequins/Textures/Manny/T_Manny_02_CCRCCPlastic_MSK.ubulk" 1238
"C:/UnrealProjects/Crash-Out-Dummy/Content/Asset/Characters/Mannequins/Textures/Manny/T_Manny_02_CCRCCPlastic_MSK.uasset" 1239
"C:/UnrealProjects/Crash-Out-Dummy/Content/Asset/Characters/Mannequins/Textures/Manny/T_Manny_02_CCRCCPlastic_MSK.uexp" 1240
"C:/UnrealProjects/Crash-Out-Dummy/Content/Asset/Characters/Mannequins/Textures/Manny/T_Manny_02_Tan.ubulk" 1241
"C:/UnrealProjects/Crash-Out-Dummy/Content/Asset/Characters/Mannequins/Textures/Manny/T_Manny_02_Tan.uasset" 1242
"C:/UnrealProjects/Crash-Out-Dummy/Content/Asset/Characters/Mannequins/Textures/Manny/T_Manny_02_Tan.uexp" 1243
"C:/UnrealProjects/Crash-Out-Dummy/Content/Asset/Characters/Mannequins/Textures/Manny/T_Manny_02_D.ubulk" 1244
"C:/UnrealProjects/Crash-Out-Dummy/Content/Asset/Characters/Mannequins/Textures/Manny/T_Manny_02_D.uasset" 1245
"C:/UnrealProjects/Crash-Out-Dummy/Content/Asset/Characters/Mannequins/Textures/Manny/T_Manny_02_D.uexp" 1246
"C:/UnrealProjects/Crash-Out-Dummy/Content/Asset/Characters/Mannequins/Materials/Instances/Manny/MI_Manny_02.uasset" 1247
"C:/UnrealProjects/Crash-Out-Dummy/Content/Asset/Characters/Mannequins/Materials/Instances/Manny/MI_Manny_02.uexp" 1248
"C:/UnrealProjects/Crash-Out-Dummy/Content/Asset/Characters/Mannequins/Meshes/SKM_Manny_Simple.uasset" 1249
"C:/UnrealProjects/Crash-Out-Dummy/Content/Asset/Characters/Mannequins/Meshes/SKM_Manny_Simple.uexp" 1250
"C:/UnrealProjects/Crash-Out-Dummy/Content/LevelPrototyping/Textures/T_GridChecker_A.ubulk" 1251
"C:/UnrealProjects/Crash-Out-Dummy/Content/LevelPrototyping/Textures/T_GridChecker_A.uasset" 1252
"C:/UnrealProjects/Crash-Out-Dummy/Content/LevelPrototyping/Textures/T_GridChecker_A.uexp" 1253
"../../../Engine/Content/Functions/Engine_MaterialFunctions01/Gradient/LinearGradient.uasset" 1254
"../../../Engine/Content/Functions/Engine_MaterialFunctions01/Gradient/LinearGradient.uexp" 1255
"../../../Engine/Content/Functions/Engine_MaterialFunctions01/ImageAdjustment/CheapContrast.uasset" 1256
"../../../Engine/Content/Functions/Engine_MaterialFunctions01/ImageAdjustment/CheapContrast.uexp" 1257
"C:/UnrealProjects/Crash-Out-Dummy/Content/LevelPrototyping/Materials/MF_ProcGrid.uasset" 1258
"C:/UnrealProjects/Crash-Out-Dummy/Content/LevelPrototyping/Materials/MF_ProcGrid.uexp" 1259
"C:/UnrealProjects/Crash-Out-Dummy/Content/LevelPrototyping/Materials/M_PrototypeGrid.uasset" 1260
"C:/UnrealProjects/Crash-Out-Dummy/Content/LevelPrototyping/Materials/M_PrototypeGrid.uexp" 1261
"C:/UnrealProjects/Crash-Out-Dummy/Content/BP/BP_ButtonPlatform.uasset" 1262
"C:/UnrealProjects/Crash-Out-Dummy/Content/BP/BP_ButtonPlatform.uexp" 1263
"../../../Engine/Content/BasicShapes/BasicShapeMaterial.uasset" 1264
"../../../Engine/Content/BasicShapes/BasicShapeMaterial.uexp" 1265
"C:/UnrealProjects/Crash-Out-Dummy/Content/BP/BP_WallButton.uasset" 1266
"C:/UnrealProjects/Crash-Out-Dummy/Content/BP/BP_WallButton.uexp" 1267
"C:/UnrealProjects/Crash-Out-Dummy/Content/MainCharacter/GI_GameInstance.uasset" 1268
"C:/UnrealProjects/Crash-Out-Dummy/Content/MainCharacter/GI_GameInstance.uexp" 1269
"../../../Engine/Plugins/Animation/ACLPlugin/Content/ACLAnimBoneCompressionSettings.uasset" 1270
"../../../Engine/Plugins/Animation/ACLPlugin/Content/ACLAnimBoneCompressionSettings.uexp" 1271
"../../../Engine/Plugins/Animation/ACLPlugin/Content/ACLAnimCurveCompressionSettings.uasset" 1272
"../../../Engine/Plugins/Animation/ACLPlugin/Content/ACLAnimCurveCompressionSettings.uexp" 1273
"C:/UnrealProjects/Crash-Out-Dummy/Content/MainCharacter/Sliding/UEFNManny_runningslide_v3.uasset" 1274
"C:/UnrealProjects/Crash-Out-Dummy/Content/MainCharacter/Sliding/UEFNManny_runningslide_v3.uexp" 1275
"C:/UnrealProjects/Crash-Out-Dummy/Content/MainCharacter/Sliding/AM_UEFNManny_runningslide_v3_Montage.uasset" 1276
"C:/UnrealProjects/Crash-Out-Dummy/Content/MainCharacter/Sliding/AM_UEFNManny_runningslide_v3_Montage.uexp" 1277
"C:/UnrealProjects/Crash-Out-Dummy/Content/UI/W_HUD.uasset" 1278
"C:/UnrealProjects/Crash-Out-Dummy/Content/UI/W_HUD.uexp" 1279
"C:/UnrealProjects/Crash-Out-Dummy/Content/UI/transmission.uasset" 1280
"C:/UnrealProjects/Crash-Out-Dummy/Content/UI/transmission.uexp" 1281
"C:/UnrealProjects/Crash-Out-Dummy/Content/UI/W_ControlScheme.uasset" 1282
"C:/UnrealProjects/Crash-Out-Dummy/Content/UI/W_ControlScheme.uexp" 1283
"C:/UnrealProjects/Crash-Out-Dummy/Content/MainCharacter/BP_MainCharacter.uasset" 1284
"C:/UnrealProjects/Crash-Out-Dummy/Content/MainCharacter/BP_MainCharacter.uexp" 1285
"C:/UnrealProjects/Crash-Out-Dummy/Content/MainCharacter/GM_Gamemode.uasset" 1286
"C:/UnrealProjects/Crash-Out-Dummy/Content/MainCharacter/GM_Gamemode.uexp" 1287
"../../../Engine/Content/Functions/Engine_MaterialFunctions02/HueShift.uasset" 1288
"../../../Engine/Content/Functions/Engine_MaterialFunctions02/HueShift.uexp" 1289
"C:/UnrealProjects/Crash-Out-Dummy/Content/Asset/CooperationGame/Assets/UI/M_UI.uasset" 1290
"C:/UnrealProjects/Crash-Out-Dummy/Content/Asset/CooperationGame/Assets/UI/M_UI.uexp" 1291
"C:/UnrealProjects/Crash-Out-Dummy/Content/Asset/CooperationGame/Assets/UI/Fout/M_Font.uasset" 1292
"C:/UnrealProjects/Crash-Out-Dummy/Content/Asset/CooperationGame/Assets/UI/Fout/M_Font.uexp" 1293
"C:/UnrealProjects/Crash-Out-Dummy/Content/BP/BP_Checkpoint.uasset" 1294
"C:/UnrealProjects/Crash-Out-Dummy/Content/BP/BP_Checkpoint.uexp" 1295
"C:/UnrealProjects/Crash-Out-Dummy/Content/Asset_Corridor/Textures/T_Atlas.ubulk" 1296
"C:/UnrealProjects/Crash-Out-Dummy/Content/Asset_Corridor/Textures/T_Atlas.uasset" 1297
"C:/UnrealProjects/Crash-Out-Dummy/Content/Asset_Corridor/Textures/T_Atlas.uexp" 1298
"C:/UnrealProjects/Crash-Out-Dummy/Content/Asset_Corridor/Textures/T_Atlas_E_01.ubulk" 1299
"C:/UnrealProjects/Crash-Out-Dummy/Content/Asset_Corridor/Textures/T_Atlas_E_01.uasset" 1300
"C:/UnrealProjects/Crash-Out-Dummy/Content/Asset_Corridor/Textures/T_Atlas_E_01.uexp" 1301
"C:/UnrealProjects/Crash-Out-Dummy/Content/Asset_Corridor/Materials/M_Base.uasset" 1302
"C:/UnrealProjects/Crash-Out-Dummy/Content/Asset_Corridor/Materials/M_Base.uexp" 1303
"C:/UnrealProjects/Crash-Out-Dummy/Content/Asset_Corridor/Materials/MI_Atlas.uasset" 1304
"C:/UnrealProjects/Crash-Out-Dummy/Content/Asset_Corridor/Materials/MI_Atlas.uexp" 1305
"C:/UnrealProjects/Crash-Out-Dummy/Content/Asset_Corridor/Models/Constructions/SM_Ceiling_01_A.ubulk" 1306
"C:/UnrealProjects/Crash-Out-Dummy/Content/Asset_Corridor/Models/Constructions/SM_Ceiling_01_A.uasset" 1307
"C:/UnrealProjects/Crash-Out-Dummy/Content/Asset_Corridor/Models/Constructions/SM_Ceiling_01_A.uexp" 1308
"C:/UnrealProjects/Crash-Out-Dummy/Content/Asset_Corridor/Materials/MI_Atlas_E_01.uasset" 1309
"C:/UnrealProjects/Crash-Out-Dummy/Content/Asset_Corridor/Materials/MI_Atlas_E_01.uexp" 1310
"C:/UnrealProjects/Crash-Out-Dummy/Content/Asset_Corridor/Models/Constructions/SM_Floor_01_B.ubulk" 1311
"C:/UnrealProjects/Crash-Out-Dummy/Content/Asset_Corridor/Models/Constructions/SM_Floor_01_B.uasset" 1312
"C:/UnrealProjects/Crash-Out-Dummy/Content/Asset_Corridor/Models/Constructions/SM_Floor_01_B.uexp" 1313
"C:/UnrealProjects/Crash-Out-Dummy/Content/BP/BP_TrapDoor/BP_Trap_03.uasset" 1314
"C:/UnrealProjects/Crash-Out-Dummy/Content/BP/BP_TrapDoor/BP_Trap_03.uexp" 1315
"C:/UnrealProjects/Crash-Out-Dummy/Content/Asset_Corridor/Models/Constructions/SM_Wall_04/SM_Wall_04_Top.ubulk" 1316
"C:/UnrealProjects/Crash-Out-Dummy/Content/Asset_Corridor/Models/Constructions/SM_Wall_04/SM_Wall_04_Top.uasset" 1317
"C:/UnrealProjects/Crash-Out-Dummy/Content/Asset_Corridor/Models/Constructions/SM_Wall_04/SM_Wall_04_Top.uexp" 1318
"C:/UnrealProjects/Crash-Out-Dummy/Content/Asset_Corridor/Models/Constructions/SM_Door_03_E.ubulk" 1319
"C:/UnrealProjects/Crash-Out-Dummy/Content/Asset_Corridor/Models/Constructions/SM_Door_03_E.uasset" 1320
"C:/UnrealProjects/Crash-Out-Dummy/Content/Asset_Corridor/Models/Constructions/SM_Door_03_E.uexp" 1321
"C:/UnrealProjects/Crash-Out-Dummy/Content/Asset/Low_Poly_Sci-Fi_Corridor/Textures/T_Atlas.ubulk" 1322
"C:/UnrealProjects/Crash-Out-Dummy/Content/Asset/Low_Poly_Sci-Fi_Corridor/Textures/T_Atlas.uasset" 1323
"C:/UnrealProjects/Crash-Out-Dummy/Content/Asset/Low_Poly_Sci-Fi_Corridor/Textures/T_Atlas.uexp" 1324
"C:/UnrealProjects/Crash-Out-Dummy/Content/Asset/Low_Poly_Sci-Fi_Corridor/Textures/T_Atlas_E_01.ubulk" 1325
"C:/UnrealProjects/Crash-Out-Dummy/Content/Asset/Low_Poly_Sci-Fi_Corridor/Textures/T_Atlas_E_01.uasset" 1326
"C:/UnrealProjects/Crash-Out-Dummy/Content/Asset/Low_Poly_Sci-Fi_Corridor/Textures/T_Atlas_E_01.uexp" 1327
"C:/UnrealProjects/Crash-Out-Dummy/Content/Asset/Low_Poly_Sci-Fi_Corridor/Materials/M_Base.uasset" 1328
"C:/UnrealProjects/Crash-Out-Dummy/Content/Asset/Low_Poly_Sci-Fi_Corridor/Materials/M_Base.uexp" 1329
"C:/UnrealProjects/Crash-Out-Dummy/Content/Asset/Low_Poly_Sci-Fi_Corridor/Textures/T_Atlas_White.ubulk" 1330
"C:/UnrealProjects/Crash-Out-Dummy/Content/Asset/Low_Poly_Sci-Fi_Corridor/Textures/T_Atlas_White.uasset" 1331
"C:/UnrealProjects/Crash-Out-Dummy/Content/Asset/Low_Poly_Sci-Fi_Corridor/Textures/T_Atlas_White.uexp" 1332
"C:/UnrealProjects/Crash-Out-Dummy/Content/Asset/Low_Poly_Sci-Fi_Corridor/Materials/Alternate/White/MI_Atlas_White.uasset" 1333
"C:/UnrealProjects/Crash-Out-Dummy/Content/Asset/Low_Poly_Sci-Fi_Corridor/Materials/Alternate/White/MI_Atlas_White.uexp" 1334
"C:/UnrealProjects/Crash-Out-Dummy/Content/Asset_Corridor/Models/Props/SM_Fan_04_A.ubulk" 1335
"C:/UnrealProjects/Crash-Out-Dummy/Content/Asset_Corridor/Models/Props/SM_Fan_04_A.uasset" 1336
"C:/UnrealProjects/Crash-Out-Dummy/Content/Asset_Corridor/Models/Props/SM_Fan_04_A.uexp" 1337
"C:/UnrealProjects/Crash-Out-Dummy/Content/Asset_Corridor/Models/Props/SM_Fan_01_A.ubulk" 1338
"C:/UnrealProjects/Crash-Out-Dummy/Content/Asset_Corridor/Models/Props/SM_Fan_01_A.uasset" 1339
"C:/UnrealProjects/Crash-Out-Dummy/Content/Asset_Corridor/Models/Props/SM_Fan_01_A.uexp" 1340
"C:/UnrealProjects/Crash-Out-Dummy/Content/Asset_Corridor/Blueprints/BP_Fan_03_A.uasset" 1341
"C:/UnrealProjects/Crash-Out-Dummy/Content/Asset_Corridor/Blueprints/BP_Fan_03_A.uexp" 1342
"C:/UnrealProjects/Crash-Out-Dummy/Content/Asset_Corridor/Models/Constructions/SM_Wall_04/SM_Wall_04_Tall_DD375B0D.ubulk" 1343
"C:/UnrealProjects/Crash-Out-Dummy/Content/Asset_Corridor/Models/Constructions/SM_Wall_04/SM_Wall_04_Tall_DD375B0D.uasset" 1344
"C:/UnrealProjects/Crash-Out-Dummy/Content/Asset_Corridor/Models/Constructions/SM_Wall_04/SM_Wall_04_Tall_DD375B0D.uexp" 1345
"C:/UnrealProjects/Crash-Out-Dummy/Content/Asset/Modular_Scifi_Mechanic_Base/Texture/Trim/INFO/T_INFO_ALPHA.ubulk" 1346
"C:/UnrealProjects/Crash-Out-Dummy/Content/Asset/Modular_Scifi_Mechanic_Base/Texture/Trim/INFO/T_INFO_ALPHA.uasset" 1347
"C:/UnrealProjects/Crash-Out-Dummy/Content/Asset/Modular_Scifi_Mechanic_Base/Texture/Trim/INFO/T_INFO_ALPHA.uexp" 1348
"C:/UnrealProjects/Crash-Out-Dummy/Content/Asset/Modular_Scifi_Mechanic_Base/Texture/Trim/INFO/T_INFO_COLOR.ubulk" 1349
"C:/UnrealProjects/Crash-Out-Dummy/Content/Asset/Modular_Scifi_Mechanic_Base/Texture/Trim/INFO/T_INFO_COLOR.uasset" 1350
"C:/UnrealProjects/Crash-Out-Dummy/Content/Asset/Modular_Scifi_Mechanic_Base/Texture/Trim/INFO/T_INFO_COLOR.uexp" 1351
"C:/UnrealProjects/Crash-Out-Dummy/Content/Asset/Modular_Scifi_Mechanic_Base/Texture/Alpha/T_NOISE_05.ubulk" 1352
"C:/UnrealProjects/Crash-Out-Dummy/Content/Asset/Modular_Scifi_Mechanic_Base/Texture/Alpha/T_NOISE_05.uasset" 1353
"C:/UnrealProjects/Crash-Out-Dummy/Content/Asset/Modular_Scifi_Mechanic_Base/Texture/Alpha/T_NOISE_05.uexp" 1354
"C:/UnrealProjects/Crash-Out-Dummy/Content/Asset/Modular_Scifi_Mechanic_Base/Material/MM/M_INFO_DECALS.uasset" 1355
"C:/UnrealProjects/Crash-Out-Dummy/Content/Asset/Modular_Scifi_Mechanic_Base/Material/MM/M_INFO_DECALS.uexp" 1356
"C:/UnrealProjects/Crash-Out-Dummy/Content/Asset/Modular_Scifi_Mechanic_Base/Material/MI/MI_INFO_DECALS.uasset" 1357
"C:/UnrealProjects/Crash-Out-Dummy/Content/Asset/Modular_Scifi_Mechanic_Base/Material/MI/MI_INFO_DECALS.uexp" 1358
"C:/UnrealProjects/Crash-Out-Dummy/Content/Asset/Modular_Scifi_Mechanic_Base/Texture/Trim/ATLAS_01/T_MECHA_DETAIL_MASKS.uexp" 1359
"C:/UnrealProjects/Crash-Out-Dummy/Content/Asset/Modular_Scifi_Mechanic_Base/Texture/Trim/ATLAS_01/T_MECHA_DETAIL_MASKS.ubulk" 1360
"C:/UnrealProjects/Crash-Out-Dummy/Content/Asset/Modular_Scifi_Mechanic_Base/Texture/Trim/ATLAS_01/T_MECHA_DETAIL_MASKS.uasset" 1361
"C:/UnrealProjects/Crash-Out-Dummy/Content/Asset/Modular_Scifi_Mechanic_Base/Texture/Trim/ATLAS_01/T_MECHA_DETAIL_MASKS.uptnl" 1362
"C:/UnrealProjects/Crash-Out-Dummy/Content/Asset/Modular_Scifi_Mechanic_Base/Texture/Trim/ATLAS_01/T_MECHA_DETAIL_EMISSION.uexp" 1363
"C:/UnrealProjects/Crash-Out-Dummy/Content/Asset/Modular_Scifi_Mechanic_Base/Texture/Trim/ATLAS_01/T_MECHA_DETAIL_EMISSION.ubulk" 1364
"C:/UnrealProjects/Crash-Out-Dummy/Content/Asset/Modular_Scifi_Mechanic_Base/Texture/Trim/ATLAS_01/T_MECHA_DETAIL_EMISSION.uasset" 1365
"C:/UnrealProjects/Crash-Out-Dummy/Content/Asset/Modular_Scifi_Mechanic_Base/Texture/Trim/ATLAS_01/T_MECHA_DETAIL_EMISSION.uptnl" 1366
"C:/UnrealProjects/Crash-Out-Dummy/Content/Asset/Modular_Scifi_Mechanic_Base/Texture/Trim/ATLAS_01/T_MECHA_DETAIL_NORMAL.uexp" 1367
"C:/UnrealProjects/Crash-Out-Dummy/Content/Asset/Modular_Scifi_Mechanic_Base/Texture/Trim/ATLAS_01/T_MECHA_DETAIL_NORMAL.ubulk" 1368
"C:/UnrealProjects/Crash-Out-Dummy/Content/Asset/Modular_Scifi_Mechanic_Base/Texture/Trim/ATLAS_01/T_MECHA_DETAIL_NORMAL.uasset" 1369
"C:/UnrealProjects/Crash-Out-Dummy/Content/Asset/Modular_Scifi_Mechanic_Base/Texture/Trim/ATLAS_01/T_MECHA_DETAIL_NORMAL.uptnl" 1370
"../../../Engine/Content/EngineMaterials/BlendFunc_DefBlend.uasset" 1371
"../../../Engine/Content/EngineMaterials/BlendFunc_DefBlend.uexp" 1372
"../../../Engine/Content/EngineMaterials/BlendFunc_DefBase.uasset" 1373
"../../../Engine/Content/EngineMaterials/BlendFunc_DefBase.uexp" 1374
"../../../Engine/Content/Functions/Engine_MaterialFunctions03/Blends/Blend_Overlay.uasset" 1375
"../../../Engine/Content/Functions/Engine_MaterialFunctions03/Blends/Blend_Overlay.uexp" 1376
"../../../Engine/Content/EngineDebugMaterials/HeatmapGradient.ubulk" 1377
"../../../Engine/Content/EngineDebugMaterials/HeatmapGradient.uasset" 1378
"../../../Engine/Content/EngineDebugMaterials/HeatmapGradient.uexp" 1379
"../../../Engine/Content/Functions/Engine_MaterialFunctions01/ImageAdjustment/CheapContrast_RGB.uasset" 1380
"../../../Engine/Content/Functions/Engine_MaterialFunctions01/ImageAdjustment/CheapContrast_RGB.uexp" 1381
"../../../Engine/Content/Functions/Engine_MaterialFunctions03/Blends/Blend_Darken.uasset" 1382
"../../../Engine/Content/Functions/Engine_MaterialFunctions03/Blends/Blend_Darken.uexp" 1383
"../../../Engine/Content/Functions/Engine_MaterialFunctions02/Math/MultiplyAdd.uasset" 1384
"../../../Engine/Content/Functions/Engine_MaterialFunctions02/Math/MultiplyAdd.uexp" 1385
"C:/UnrealProjects/Crash-Out-Dummy/Content/Asset/Modular_Scifi_Mechanic_Base/Texture/Trim/ATLAS_01/T_MECHA_DETAIL_Ao.uexp" 1386
"C:/UnrealProjects/Crash-Out-Dummy/Content/Asset/Modular_Scifi_Mechanic_Base/Texture/Trim/ATLAS_01/T_MECHA_DETAIL_Ao.ubulk" 1387
"C:/UnrealProjects/Crash-Out-Dummy/Content/Asset/Modular_Scifi_Mechanic_Base/Texture/Trim/ATLAS_01/T_MECHA_DETAIL_Ao.uasset" 1388
"C:/UnrealProjects/Crash-Out-Dummy/Content/Asset/Modular_Scifi_Mechanic_Base/Texture/Trim/ATLAS_01/T_MECHA_DETAIL_Ao.uptnl" 1389
"C:/UnrealProjects/Crash-Out-Dummy/Content/Asset/Modular_Scifi_Mechanic_Base/Material/MM/M_SUBSET_DECALS.uasset" 1390
"C:/UnrealProjects/Crash-Out-Dummy/Content/Asset/Modular_Scifi_Mechanic_Base/Material/MM/M_SUBSET_DECALS.uexp" 1391
"C:/UnrealProjects/Crash-Out-Dummy/Content/Asset/Modular_Scifi_Mechanic_Base/Texture/Trim/ATLAS_01/T_MECHA_DETAIL_HEIGHT.uexp" 1392
"C:/UnrealProjects/Crash-Out-Dummy/Content/Asset/Modular_Scifi_Mechanic_Base/Texture/Trim/ATLAS_01/T_MECHA_DETAIL_HEIGHT.ubulk" 1393
"C:/UnrealProjects/Crash-Out-Dummy/Content/Asset/Modular_Scifi_Mechanic_Base/Texture/Trim/ATLAS_01/T_MECHA_DETAIL_HEIGHT.uasset" 1394
"C:/UnrealProjects/Crash-Out-Dummy/Content/Asset/Modular_Scifi_Mechanic_Base/Texture/Trim/ATLAS_01/T_MECHA_DETAIL_HEIGHT.uptnl" 1395
"C:/UnrealProjects/Crash-Out-Dummy/Content/Asset/Modular_Scifi_Mechanic_Base/Material/MI/MI_SUBSET_DECALS.uasset" 1396
"C:/UnrealProjects/Crash-Out-Dummy/Content/Asset/Modular_Scifi_Mechanic_Base/Material/MI/MI_SUBSET_DECALS.uexp" 1397
"C:/UnrealProjects/Crash-Out-Dummy/Content/Asset/Modular_Scifi_Mechanic_Base/Texture/Alpha/T_NOISE_10.ubulk" 1398
"C:/UnrealProjects/Crash-Out-Dummy/Content/Asset/Modular_Scifi_Mechanic_Base/Texture/Alpha/T_NOISE_10.uasset" 1399
"C:/UnrealProjects/Crash-Out-Dummy/Content/Asset/Modular_Scifi_Mechanic_Base/Texture/Alpha/T_NOISE_10.uexp" 1400
"../../../Engine/Content/Functions/Engine_MaterialFunctions02/Utility/BlendAngleCorrectedNormals.uasset" 1401
"../../../Engine/Content/Functions/Engine_MaterialFunctions02/Utility/BlendAngleCorrectedNormals.uexp" 1402
"../../../Engine/Content/EngineMaterials/FlatNormal.uasset" 1403
"../../../Engine/Content/EngineMaterials/FlatNormal.uexp" 1404
"C:/UnrealProjects/Crash-Out-Dummy/Content/Asset/Modular_Scifi_Mechanic_Base/Texture/Alpha/T_METAL_01.ubulk" 1405
"C:/UnrealProjects/Crash-Out-Dummy/Content/Asset/Modular_Scifi_Mechanic_Base/Texture/Alpha/T_METAL_01.uasset" 1406
"C:/UnrealProjects/Crash-Out-Dummy/Content/Asset/Modular_Scifi_Mechanic_Base/Texture/Alpha/T_METAL_01.uexp" 1407
"C:/UnrealProjects/Crash-Out-Dummy/Content/Asset/Modular_Scifi_Mechanic_Base/Texture/Alpha/T_NOISE_04.ubulk" 1408
"C:/UnrealProjects/Crash-Out-Dummy/Content/Asset/Modular_Scifi_Mechanic_Base/Texture/Alpha/T_NOISE_04.uasset" 1409
"C:/UnrealProjects/Crash-Out-Dummy/Content/Asset/Modular_Scifi_Mechanic_Base/Texture/Alpha/T_NOISE_04.uexp" 1410
"../../../Engine/Content/Functions/Engine_MaterialFunctions01/Texturing/WorldAlignedTexture.uasset" 1411
"../../../Engine/Content/Functions/Engine_MaterialFunctions01/Texturing/WorldAlignedTexture.uexp" 1412
"C:/UnrealProjects/Crash-Out-Dummy/Content/Asset/Modular_Scifi_Mechanic_Base/Material/MM/M_Base.uasset" 1413
"C:/UnrealProjects/Crash-Out-Dummy/Content/Asset/Modular_Scifi_Mechanic_Base/Material/MM/M_Base.uexp" 1414
"C:/UnrealProjects/Crash-Out-Dummy/Content/Asset/Modular_Scifi_Mechanic_Base/Texture/Alpha/T_NOISE_02.ubulk" 1415
"C:/UnrealProjects/Crash-Out-Dummy/Content/Asset/Modular_Scifi_Mechanic_Base/Texture/Alpha/T_NOISE_02.uasset" 1416
"C:/UnrealProjects/Crash-Out-Dummy/Content/Asset/Modular_Scifi_Mechanic_Base/Texture/Alpha/T_NOISE_02.uexp" 1417
"C:/UnrealProjects/Crash-Out-Dummy/Content/Asset/Modular_Scifi_Mechanic_Base/Texture/Normal/T_NORMAL_01.ubulk" 1418
"C:/UnrealProjects/Crash-Out-Dummy/Content/Asset/Modular_Scifi_Mechanic_Base/Texture/Normal/T_NORMAL_01.uasset" 1419
"C:/UnrealProjects/Crash-Out-Dummy/Content/Asset/Modular_Scifi_Mechanic_Base/Texture/Normal/T_NORMAL_01.uexp" 1420
"C:/UnrealProjects/Crash-Out-Dummy/Content/Asset/Modular_Scifi_Mechanic_Base/Material/MI/MI_Metal_04.uasset" 1421
"C:/UnrealProjects/Crash-Out-Dummy/Content/Asset/Modular_Scifi_Mechanic_Base/Material/MI/MI_Metal_04.uexp" 1422
"C:/UnrealProjects/Crash-Out-Dummy/Content/Asset/Modular_Scifi_Mechanic_Base/Texture/Normal/T_NORMAL_03.ubulk" 1423
"C:/UnrealProjects/Crash-Out-Dummy/Content/Asset/Modular_Scifi_Mechanic_Base/Texture/Normal/T_NORMAL_03.uasset" 1424
"C:/UnrealProjects/Crash-Out-Dummy/Content/Asset/Modular_Scifi_Mechanic_Base/Texture/Normal/T_NORMAL_03.uexp" 1425
"C:/UnrealProjects/Crash-Out-Dummy/Content/Asset/Modular_Scifi_Mechanic_Base/Material/MI/MI_Metal_02.uasset" 1426
"C:/UnrealProjects/Crash-Out-Dummy/Content/Asset/Modular_Scifi_Mechanic_Base/Material/MI/MI_Metal_02.uexp" 1427
"C:/UnrealProjects/Crash-Out-Dummy/Content/Asset/Modular_Scifi_Mechanic_Base/Mesh/SM/PROP/PLATFORM/SM_RING_PLATFORM_01.ubulk" 1428
"C:/UnrealProjects/Crash-Out-Dummy/Content/Asset/Modular_Scifi_Mechanic_Base/Mesh/SM/PROP/PLATFORM/SM_RING_PLATFORM_01.uasset" 1429
"C:/UnrealProjects/Crash-Out-Dummy/Content/Asset/Modular_Scifi_Mechanic_Base/Mesh/SM/PROP/PLATFORM/SM_RING_PLATFORM_01.uexp" 1430
"C:/UnrealProjects/Crash-Out-Dummy/Content/Asset/Low_Poly_Sci-Fi_Corridor/Materials/MI_Atlas.uasset" 1431
"C:/UnrealProjects/Crash-Out-Dummy/Content/Asset/Low_Poly_Sci-Fi_Corridor/Materials/MI_Atlas.uexp" 1432
"C:/UnrealProjects/Crash-Out-Dummy/Content/Asset/Low_Poly_Sci-Fi_Corridor/Models/Constructions/SM_Wall_08_Pillar_2m.ubulk" 1433
"C:/UnrealProjects/Crash-Out-Dummy/Content/Asset/Low_Poly_Sci-Fi_Corridor/Models/Constructions/SM_Wall_08_Pillar_2m.uasset" 1434
"C:/UnrealProjects/Crash-Out-Dummy/Content/Asset/Low_Poly_Sci-Fi_Corridor/Models/Constructions/SM_Wall_08_Pillar_2m.uexp" 1435
"C:/UnrealProjects/Crash-Out-Dummy/Content/Asset/Low_Poly_Sci-Fi_Corridor/Models/Constructions/SM_Stair_03.ubulk" 1436
"C:/UnrealProjects/Crash-Out-Dummy/Content/Asset/Low_Poly_Sci-Fi_Corridor/Models/Constructions/SM_Stair_03.uasset" 1437
"C:/UnrealProjects/Crash-Out-Dummy/Content/Asset/Low_Poly_Sci-Fi_Corridor/Models/Constructions/SM_Stair_03.uexp" 1438
"C:/UnrealProjects/Crash-Out-Dummy/Content/Asset/RocketThrusterExhaustFX/Textures/T_HeatHaze_Normal.ubulk" 1439
"C:/UnrealProjects/Crash-Out-Dummy/Content/Asset/RocketThrusterExhaustFX/Textures/T_HeatHaze_Normal.uasset" 1440
"C:/UnrealProjects/Crash-Out-Dummy/Content/Asset/RocketThrusterExhaustFX/Textures/T_HeatHaze_Normal.uexp" 1441
"C:/UnrealProjects/Crash-Out-Dummy/Content/Asset/RocketThrusterExhaustFX/Textures/T_HeatHaze.ubulk" 1442
"C:/UnrealProjects/Crash-Out-Dummy/Content/Asset/RocketThrusterExhaustFX/Textures/T_HeatHaze.uasset" 1443
"C:/UnrealProjects/Crash-Out-Dummy/Content/Asset/RocketThrusterExhaustFX/Textures/T_HeatHaze.uexp" 1444
"C:/UnrealProjects/Crash-Out-Dummy/Content/Asset/RocketThrusterExhaustFX/Materials/M_HeatHaze.uasset" 1445
"C:/UnrealProjects/Crash-Out-Dummy/Content/Asset/RocketThrusterExhaustFX/Materials/M_HeatHaze.uexp" 1446
"../../../Engine/Plugins/FX/Niagara/Content/VectorFields/Assets/TilingCurl64.uasset" 1447
"../../../Engine/Plugins/FX/Niagara/Content/VectorFields/Assets/TilingCurl64.uexp" 1448
"C:/UnrealProjects/Crash-Out-Dummy/Content/Asset/RocketThrusterExhaustFX/Textures/T_Smoke_Grunge.ubulk" 1449
"C:/UnrealProjects/Crash-Out-Dummy/Content/Asset/RocketThrusterExhaustFX/Textures/T_Smoke_Grunge.uasset" 1450
"C:/UnrealProjects/Crash-Out-Dummy/Content/Asset/RocketThrusterExhaustFX/Textures/T_Smoke_Grunge.uexp" 1451
"../../../Engine/Content/Functions/Engine_MaterialFunctions01/Opacity/SoftOpacity.uasset" 1452
"../../../Engine/Content/Functions/Engine_MaterialFunctions01/Opacity/SoftOpacity.uexp" 1453
"C:/UnrealProjects/Crash-Out-Dummy/Content/Asset/RocketThrusterExhaustFX/Textures/T_Noise.ubulk" 1454
"C:/UnrealProjects/Crash-Out-Dummy/Content/Asset/RocketThrusterExhaustFX/Textures/T_Noise.uasset" 1455
"C:/UnrealProjects/Crash-Out-Dummy/Content/Asset/RocketThrusterExhaustFX/Textures/T_Noise.uexp" 1456
"C:/UnrealProjects/Crash-Out-Dummy/Content/Asset/RocketThrusterExhaustFX/Materials/M_Thrusters.uasset" 1457
"C:/UnrealProjects/Crash-Out-Dummy/Content/Asset/RocketThrusterExhaustFX/Materials/M_Thrusters.uexp" 1458
"C:/UnrealProjects/Crash-Out-Dummy/Content/Asset/RocketThrusterExhaustFX/Textures/T_CloudsSoft.ubulk" 1459
"C:/UnrealProjects/Crash-Out-Dummy/Content/Asset/RocketThrusterExhaustFX/Textures/T_CloudsSoft.uasset" 1460
"C:/UnrealProjects/Crash-Out-Dummy/Content/Asset/RocketThrusterExhaustFX/Textures/T_CloudsSoft.uexp" 1461
"C:/UnrealProjects/Crash-Out-Dummy/Content/Asset/RocketThrusterExhaustFX/Materials/M_Smoke.uasset" 1462
"C:/UnrealProjects/Crash-Out-Dummy/Content/Asset/RocketThrusterExhaustFX/Materials/M_Smoke.uexp" 1463
"../../../Engine/Plugins/FX/Niagara/Content/VectorFields/Assets/TilingCurl16.uasset" 1464
"../../../Engine/Plugins/FX/Niagara/Content/VectorFields/Assets/TilingCurl16.uexp" 1465
"C:/UnrealProjects/Crash-Out-Dummy/Content/Asset/RocketThrusterExhaustFX/Textures/T_Particulate.ubulk" 1466
"C:/UnrealProjects/Crash-Out-Dummy/Content/Asset/RocketThrusterExhaustFX/Textures/T_Particulate.uasset" 1467
"C:/UnrealProjects/Crash-Out-Dummy/Content/Asset/RocketThrusterExhaustFX/Textures/T_Particulate.uexp" 1468
"C:/UnrealProjects/Crash-Out-Dummy/Content/Asset/RocketThrusterExhaustFX/Materials/M_Particulate.uasset" 1469
"C:/UnrealProjects/Crash-Out-Dummy/Content/Asset/RocketThrusterExhaustFX/Materials/M_Particulate.uexp" 1470
"C:/UnrealProjects/Crash-Out-Dummy/Content/Asset/RocketThrusterExhaustFX/FX/NS_RocketExhaust_Crackling.uasset" 1471
"C:/UnrealProjects/Crash-Out-Dummy/Content/Asset/RocketThrusterExhaustFX/FX/NS_RocketExhaust_Crackling.uexp" 1472
"C:/UnrealProjects/Crash-Out-Dummy/Content/Asset/Low_Poly_Sci-Fi_Corridor/Models/Props/SM_Generator_02_A.ubulk" 1473
"C:/UnrealProjects/Crash-Out-Dummy/Content/Asset/Low_Poly_Sci-Fi_Corridor/Models/Props/SM_Generator_02_A.uasset" 1474
"C:/UnrealProjects/Crash-Out-Dummy/Content/Asset/Low_Poly_Sci-Fi_Corridor/Models/Props/SM_Generator_02_A.uexp" 1475
"C:/UnrealProjects/Crash-Out-Dummy/Content/Asset/Low_Poly_Sci-Fi_Corridor/Materials/Emissive/M_Emission.uasset" 1476
"C:/UnrealProjects/Crash-Out-Dummy/Content/Asset/Low_Poly_Sci-Fi_Corridor/Materials/Emissive/M_Emission.uexp" 1477
"C:/UnrealProjects/Crash-Out-Dummy/Content/Asset/Low_Poly_Sci-Fi_Corridor/Materials/Emissive/MI_Emission_Blue1.uasset" 1478
"C:/UnrealProjects/Crash-Out-Dummy/Content/Asset/Low_Poly_Sci-Fi_Corridor/Materials/Emissive/MI_Emission_Blue1.uexp" 1479
"C:/UnrealProjects/Crash-Out-Dummy/Content/Asset/Low_Poly_Sci-Fi_Corridor/Particles/Textures/T_Lightning.ubulk" 1480
"C:/UnrealProjects/Crash-Out-Dummy/Content/Asset/Low_Poly_Sci-Fi_Corridor/Particles/Textures/T_Lightning.uasset" 1481
"C:/UnrealProjects/Crash-Out-Dummy/Content/Asset/Low_Poly_Sci-Fi_Corridor/Particles/Textures/T_Lightning.uexp" 1482
"C:/UnrealProjects/Crash-Out-Dummy/Content/Asset/Low_Poly_Sci-Fi_Corridor/Particles/Materials/M_Lightning.uasset" 1483
"C:/UnrealProjects/Crash-Out-Dummy/Content/Asset/Low_Poly_Sci-Fi_Corridor/Particles/Materials/M_Lightning.uexp" 1484
"C:/UnrealProjects/Crash-Out-Dummy/Content/Asset/Low_Poly_Sci-Fi_Corridor/Particles/Textures/T_Glow.ubulk" 1485
"C:/UnrealProjects/Crash-Out-Dummy/Content/Asset/Low_Poly_Sci-Fi_Corridor/Particles/Textures/T_Glow.uasset" 1486
"C:/UnrealProjects/Crash-Out-Dummy/Content/Asset/Low_Poly_Sci-Fi_Corridor/Particles/Textures/T_Glow.uexp" 1487
"C:/UnrealProjects/Crash-Out-Dummy/Content/Asset/Low_Poly_Sci-Fi_Corridor/Particles/Materials/M_Glow.uasset" 1488
"C:/UnrealProjects/Crash-Out-Dummy/Content/Asset/Low_Poly_Sci-Fi_Corridor/Particles/Materials/M_Glow.uexp" 1489
"C:/UnrealProjects/Crash-Out-Dummy/Content/Asset/Low_Poly_Sci-Fi_Corridor/Particles/SM_Sphere.ubulk" 1490
"C:/UnrealProjects/Crash-Out-Dummy/Content/Asset/Low_Poly_Sci-Fi_Corridor/Particles/SM_Sphere.uasset" 1491
"C:/UnrealProjects/Crash-Out-Dummy/Content/Asset/Low_Poly_Sci-Fi_Corridor/Particles/SM_Sphere.uexp" 1492
"C:/UnrealProjects/Crash-Out-Dummy/Content/Asset/Low_Poly_Sci-Fi_Corridor/Particles/P_Lightning_02_Big.uasset" 1493
"C:/UnrealProjects/Crash-Out-Dummy/Content/Asset/Low_Poly_Sci-Fi_Corridor/Particles/P_Lightning_02_Big.uexp" 1494
"C:/UnrealProjects/Crash-Out-Dummy/Content/Asset/Low_Poly_Sci-Fi_Corridor/Materials/Emissive/MI_Emission_Blue.uasset" 1495
"C:/UnrealProjects/Crash-Out-Dummy/Content/Asset/Low_Poly_Sci-Fi_Corridor/Materials/Emissive/MI_Emission_Blue.uexp" 1496
"C:/UnrealProjects/Crash-Out-Dummy/Content/Asset/Low_Poly_Sci-Fi_Corridor/Models/Sign/SM_Sign_5.ubulk" 1497
"C:/UnrealProjects/Crash-Out-Dummy/Content/Asset/Low_Poly_Sci-Fi_Corridor/Models/Sign/SM_Sign_5.uasset" 1498
"C:/UnrealProjects/Crash-Out-Dummy/Content/Asset/Low_Poly_Sci-Fi_Corridor/Models/Sign/SM_Sign_5.uexp" 1499
"C:/UnrealProjects/Crash-Out-Dummy/Content/Asset/Low_Poly_Sci-Fi_Corridor/Materials/Emissive/MI_Emission_Yellow.uasset" 1500
"C:/UnrealProjects/Crash-Out-Dummy/Content/Asset/Low_Poly_Sci-Fi_Corridor/Materials/Emissive/MI_Emission_Yellow.uexp" 1501
"C:/UnrealProjects/Crash-Out-Dummy/Content/Asset/Low_Poly_Sci-Fi_Corridor/Models/Props/SM_Generator_01_B.ubulk" 1502
"C:/UnrealProjects/Crash-Out-Dummy/Content/Asset/Low_Poly_Sci-Fi_Corridor/Models/Props/SM_Generator_01_B.uasset" 1503
"C:/UnrealProjects/Crash-Out-Dummy/Content/Asset/Low_Poly_Sci-Fi_Corridor/Models/Props/SM_Generator_01_B.uexp" 1504
"C:/UnrealProjects/Crash-Out-Dummy/Content/BP/BP_END.uasset" 1505
"C:/UnrealProjects/Crash-Out-Dummy/Content/BP/BP_END.uexp" 1506
"C:/UnrealProjects/Crash-Out-Dummy/Content/Asset_Corridor/Models/Constructions/SM_Wall_05.ubulk" 1507
"C:/UnrealProjects/Crash-Out-Dummy/Content/Asset_Corridor/Models/Constructions/SM_Wall_05.uasset" 1508
"C:/UnrealProjects/Crash-Out-Dummy/Content/Asset_Corridor/Models/Constructions/SM_Wall_05.uexp" 1509
"C:/UnrealProjects/Crash-Out-Dummy/Content/Asset_Corridor/Materials/M_Glow_Light_Function.uasset" 1510
"C:/UnrealProjects/Crash-Out-Dummy/Content/Asset_Corridor/Materials/M_Glow_Light_Function.uexp" 1511
"C:/UnrealProjects/Crash-Out-Dummy/Content/Asset_Corridor/Materials/MI_Light_Glow_01_LF.uasset" 1512
"C:/UnrealProjects/Crash-Out-Dummy/Content/Asset_Corridor/Materials/MI_Light_Glow_01_LF.uexp" 1513
"C:/UnrealProjects/Crash-Out-Dummy/Content/StarterContent/Textures/T_Ceramic_Tile_M.ubulk" 1514
"C:/UnrealProjects/Crash-Out-Dummy/Content/StarterContent/Textures/T_Ceramic_Tile_M.uasset" 1515
"C:/UnrealProjects/Crash-Out-Dummy/Content/StarterContent/Textures/T_Ceramic_Tile_M.uexp" 1516
"C:/UnrealProjects/Crash-Out-Dummy/Content/StarterContent/Textures/T_Rock_Marble_Polished_D.ubulk" 1517
"C:/UnrealProjects/Crash-Out-Dummy/Content/StarterContent/Textures/T_Rock_Marble_Polished_D.uasset" 1518
"C:/UnrealProjects/Crash-Out-Dummy/Content/StarterContent/Textures/T_Rock_Marble_Polished_D.uexp" 1519
"C:/UnrealProjects/Crash-Out-Dummy/Content/StarterContent/Textures/T_Ceramic_Tile_N.ubulk" 1520
"C:/UnrealProjects/Crash-Out-Dummy/Content/StarterContent/Textures/T_Ceramic_Tile_N.uasset" 1521
"C:/UnrealProjects/Crash-Out-Dummy/Content/StarterContent/Textures/T_Ceramic_Tile_N.uexp" 1522
"C:/UnrealProjects/Crash-Out-Dummy/Content/StarterContent/Textures/T_Perlin_Noise_M.ubulk" 1523
"C:/UnrealProjects/Crash-Out-Dummy/Content/StarterContent/Textures/T_Perlin_Noise_M.uasset" 1524
"C:/UnrealProjects/Crash-Out-Dummy/Content/StarterContent/Textures/T_Perlin_Noise_M.uexp" 1525
"C:/UnrealProjects/Crash-Out-Dummy/Content/StarterContent/Materials/M_Ceramic_Tile_Checker.uasset" 1526
"C:/UnrealProjects/Crash-Out-Dummy/Content/StarterContent/Materials/M_Ceramic_Tile_Checker.uexp" 1527
"C:/UnrealProjects/Crash-Out-Dummy/Content/Asset_Corridor/Models/Constructions/SM_Door_03_D.ubulk" 1528
"C:/UnrealProjects/Crash-Out-Dummy/Content/Asset_Corridor/Models/Constructions/SM_Door_03_D.uasset" 1529
"C:/UnrealProjects/Crash-Out-Dummy/Content/Asset_Corridor/Models/Constructions/SM_Door_03_D.uexp" 1530
"C:/UnrealProjects/Crash-Out-Dummy/Content/Asset_Corridor/Models/Constructions/SM_Wall_04.ubulk" 1531
"C:/UnrealProjects/Crash-Out-Dummy/Content/Asset_Corridor/Models/Constructions/SM_Wall_04.uasset" 1532
"C:/UnrealProjects/Crash-Out-Dummy/Content/Asset_Corridor/Models/Constructions/SM_Wall_04.uexp" 1533
"C:/UnrealProjects/Crash-Out-Dummy/Content/StarterContent/Textures/T_Water_N.ubulk" 1534
"C:/UnrealProjects/Crash-Out-Dummy/Content/StarterContent/Textures/T_Water_N.uasset" 1535
"C:/UnrealProjects/Crash-Out-Dummy/Content/StarterContent/Textures/T_Water_N.uexp" 1536
"C:/UnrealProjects/Crash-Out-Dummy/Content/StarterContent/Textures/T_Water_M.ubulk" 1537
"C:/UnrealProjects/Crash-Out-Dummy/Content/StarterContent/Textures/T_Water_M.uasset" 1538
"C:/UnrealProjects/Crash-Out-Dummy/Content/StarterContent/Textures/T_Water_M.uexp" 1539
"C:/UnrealProjects/Crash-Out-Dummy/Content/StarterContent/Materials/M_Water_Ocean.uasset" 1540
"C:/UnrealProjects/Crash-Out-Dummy/Content/StarterContent/Materials/M_Water_Ocean.uexp" 1541
"C:/UnrealProjects/Crash-Out-Dummy/Content/Asset_Corridor/Models/Constructions/SM_Door_01_light_F.ubulk" 1542
"C:/UnrealProjects/Crash-Out-Dummy/Content/Asset_Corridor/Models/Constructions/SM_Door_01_light_F.uasset" 1543
"C:/UnrealProjects/Crash-Out-Dummy/Content/Asset_Corridor/Models/Constructions/SM_Door_01_light_F.uexp" 1544
"C:/UnrealProjects/Crash-Out-Dummy/Content/Asset_Corridor/Models/Constructions/SM_Floor_02_D.ubulk" 1545
"C:/UnrealProjects/Crash-Out-Dummy/Content/Asset_Corridor/Models/Constructions/SM_Floor_02_D.uasset" 1546
"C:/UnrealProjects/Crash-Out-Dummy/Content/Asset_Corridor/Models/Constructions/SM_Floor_02_D.uexp" 1547
"C:/UnrealProjects/Crash-Out-Dummy/Content/Asset_Corridor/Models/Constructions/SM_Pillar_01.ubulk" 1548
"C:/UnrealProjects/Crash-Out-Dummy/Content/Asset_Corridor/Models/Constructions/SM_Pillar_01.uasset" 1549
"C:/UnrealProjects/Crash-Out-Dummy/Content/Asset_Corridor/Models/Constructions/SM_Pillar_01.uexp" 1550
"C:/UnrealProjects/Crash-Out-Dummy/Content/BP/BP_Dead.uasset" 1551
"C:/UnrealProjects/Crash-Out-Dummy/Content/BP/BP_Dead.uexp" 1552
"C:/UnrealProjects/Crash-Out-Dummy/Content/Asset_Corridor/Models/Constructions/SM_Ceiling_01_B.ubulk" 1553
"C:/UnrealProjects/Crash-Out-Dummy/Content/Asset_Corridor/Models/Constructions/SM_Ceiling_01_B.uasset" 1554
"C:/UnrealProjects/Crash-Out-Dummy/Content/Asset_Corridor/Models/Constructions/SM_Ceiling_01_B.uexp" 1555
"C:/UnrealProjects/Crash-Out-Dummy/Content/Asset_Corridor/Models/Props/SM_Lamp_05_A.ubulk" 1556
"C:/UnrealProjects/Crash-Out-Dummy/Content/Asset_Corridor/Models/Props/SM_Lamp_05_A.uasset" 1557
"C:/UnrealProjects/Crash-Out-Dummy/Content/Asset_Corridor/Models/Props/SM_Lamp_05_A.uexp" 1558
"C:/UnrealProjects/Crash-Out-Dummy/Content/Asset_Corridor/Materials/MI_Light_Glow_02_LF.uasset" 1559
"C:/UnrealProjects/Crash-Out-Dummy/Content/Asset_Corridor/Materials/MI_Light_Glow_02_LF.uexp" 1560
"C:/UnrealProjects/Crash-Out-Dummy/Content/Asset_Corridor/Models/Constructions/SM_Floor_01_A.ubulk" 1561
"C:/UnrealProjects/Crash-Out-Dummy/Content/Asset_Corridor/Models/Constructions/SM_Floor_01_A.uasset" 1562
"C:/UnrealProjects/Crash-Out-Dummy/Content/Asset_Corridor/Models/Constructions/SM_Floor_01_A.uexp" 1563
"C:/UnrealProjects/Crash-Out-Dummy/Content/BP/BP_TrapDoor/BP_Trap_02.uasset" 1564
"C:/UnrealProjects/Crash-Out-Dummy/Content/BP/BP_TrapDoor/BP_Trap_02.uexp" 1565
"C:/UnrealProjects/Crash-Out-Dummy/Content/Asset_Corridor/Models/Constructions/SM_Wall_04/SM_Wall_04_Middle.ubulk" 1566
"C:/UnrealProjects/Crash-Out-Dummy/Content/Asset_Corridor/Models/Constructions/SM_Wall_04/SM_Wall_04_Middle.uasset" 1567
"C:/UnrealProjects/Crash-Out-Dummy/Content/Asset_Corridor/Models/Constructions/SM_Wall_04/SM_Wall_04_Middle.uexp" 1568
"C:/UnrealProjects/Crash-Out-Dummy/Content/BP/TrapMeshes/Spike.ubulk" 1569
"C:/UnrealProjects/Crash-Out-Dummy/Content/BP/TrapMeshes/Spike.uasset" 1570
"C:/UnrealProjects/Crash-Out-Dummy/Content/BP/TrapMeshes/Spike.uexp" 1571
"C:/UnrealProjects/Crash-Out-Dummy/Content/BP/Spikes/BP_HiddenSpikes.uasset" 1572
"C:/UnrealProjects/Crash-Out-Dummy/Content/BP/Spikes/BP_HiddenSpikes.uexp" 1573
"C:/UnrealProjects/Crash-Out-Dummy/Content/Asset/Low_Poly_Sci-Fi_Corridor/Materials/MI_Atlas_E_01.uasset" 1574
"C:/UnrealProjects/Crash-Out-Dummy/Content/Asset/Low_Poly_Sci-Fi_Corridor/Materials/MI_Atlas_E_01.uexp" 1575
"C:/UnrealProjects/Crash-Out-Dummy/Content/BP/BP_TrapDoor/BP_Trap_01.uasset" 1576
"C:/UnrealProjects/Crash-Out-Dummy/Content/BP/BP_TrapDoor/BP_Trap_01.uexp" 1577
"C:/UnrealProjects/Crash-Out-Dummy/Content/Asset/Low_Poly_Sci-Fi_Corridor/Models/Constructions/SM_Door_03_A.ubulk" 1578
"C:/UnrealProjects/Crash-Out-Dummy/Content/Asset/Low_Poly_Sci-Fi_Corridor/Models/Constructions/SM_Door_03_A.uasset" 1579
"C:/UnrealProjects/Crash-Out-Dummy/Content/Asset/Low_Poly_Sci-Fi_Corridor/Models/Constructions/SM_Door_03_A.uexp" 1580
"C:/UnrealProjects/Crash-Out-Dummy/Content/Asset/Low_Poly_Sci-Fi_Corridor/Models/Constructions/SM_Door_03_B.ubulk" 1581
"C:/UnrealProjects/Crash-Out-Dummy/Content/Asset/Low_Poly_Sci-Fi_Corridor/Models/Constructions/SM_Door_03_B.uasset" 1582
"C:/UnrealProjects/Crash-Out-Dummy/Content/Asset/Low_Poly_Sci-Fi_Corridor/Models/Constructions/SM_Door_03_B.uexp" 1583
"C:/UnrealProjects/Crash-Out-Dummy/Content/Asset/Low_Poly_Sci-Fi_Corridor/Textures/T_Atlas_Blue.ubulk" 1584
"C:/UnrealProjects/Crash-Out-Dummy/Content/Asset/Low_Poly_Sci-Fi_Corridor/Textures/T_Atlas_Blue.uasset" 1585
"C:/UnrealProjects/Crash-Out-Dummy/Content/Asset/Low_Poly_Sci-Fi_Corridor/Textures/T_Atlas_Blue.uexp" 1586
"C:/UnrealProjects/Crash-Out-Dummy/Content/Asset/Low_Poly_Sci-Fi_Corridor/Materials/Alternate/Blue/MI_Atlas_Blue.uasset" 1587
"C:/UnrealProjects/Crash-Out-Dummy/Content/Asset/Low_Poly_Sci-Fi_Corridor/Materials/Alternate/Blue/MI_Atlas_Blue.uexp" 1588
"C:/UnrealProjects/Crash-Out-Dummy/Content/Asset/Low_Poly_Sci-Fi_Corridor/Models/Constructions/SM_Door_03_C.ubulk" 1589
"C:/UnrealProjects/Crash-Out-Dummy/Content/Asset/Low_Poly_Sci-Fi_Corridor/Models/Constructions/SM_Door_03_C.uasset" 1590
"C:/UnrealProjects/Crash-Out-Dummy/Content/Asset/Low_Poly_Sci-Fi_Corridor/Models/Constructions/SM_Door_03_C.uexp" 1591
"C:/UnrealProjects/Crash-Out-Dummy/Content/BP/BP_Door_03.uasset" 1592
"C:/UnrealProjects/Crash-Out-Dummy/Content/BP/BP_Door_03.uexp" 1593
"C:/UnrealProjects/Crash-Out-Dummy/Content/Level/Level_1.uexp" 1594
"C:/UnrealProjects/Crash-Out-Dummy/Content/Level/Level_1.umap" 1595
"C:/UnrealProjects/Crash-Out-Dummy/Content/Asset_Corridor/Models/Props/SM_Monitor_03.ubulk" 1596
"C:/UnrealProjects/Crash-Out-Dummy/Content/Asset_Corridor/Models/Props/SM_Monitor_03.uasset" 1597
"C:/UnrealProjects/Crash-Out-Dummy/Content/Asset_Corridor/Models/Props/SM_Monitor_03.uexp" 1598
"C:/UnrealProjects/Crash-Out-Dummy/Content/Asset_Corridor/Models/Props/SM_Barrel.ubulk" 1599
"C:/UnrealProjects/Crash-Out-Dummy/Content/Asset_Corridor/Models/Props/SM_Barrel.uasset" 1600
"C:/UnrealProjects/Crash-Out-Dummy/Content/Asset_Corridor/Models/Props/SM_Barrel.uexp" 1601
"C:/UnrealProjects/Crash-Out-Dummy/Content/BP/BP_TrapSlide/BP_TrapSlide_Activator.uasset" 1602
"C:/UnrealProjects/Crash-Out-Dummy/Content/BP/BP_TrapSlide/BP_TrapSlide_Activator.uexp" 1603
"C:/UnrealProjects/Crash-Out-Dummy/Content/BP/BP_TrapSlide/BP_TrapSlide_PlayerDetector.uasset" 1604
"C:/UnrealProjects/Crash-Out-Dummy/Content/BP/BP_TrapSlide/BP_TrapSlide_PlayerDetector.uexp" 1605
"C:/UnrealProjects/Crash-Out-Dummy/Content/BP/BP_TrapSlide/BP_TrapSlide_01.uasset" 1606
"C:/UnrealProjects/Crash-Out-Dummy/Content/BP/BP_TrapSlide/BP_TrapSlide_01.uexp" 1607
"C:/UnrealProjects/Crash-Out-Dummy/Content/StarterContent/Textures/T_MacroVariation.uasset" 1608
"C:/UnrealProjects/Crash-Out-Dummy/Content/StarterContent/Textures/T_MacroVariation.uexp" 1609
"C:/UnrealProjects/Crash-Out-Dummy/Content/StarterContent/Materials/M_Metal_Chrome.uasset" 1610
"C:/UnrealProjects/Crash-Out-Dummy/Content/StarterContent/Materials/M_Metal_Chrome.uexp" 1611
"C:/UnrealProjects/Crash-Out-Dummy/Content/BP/Spikes/BP_VisibleSpikes_4x4.uasset" 1612
"C:/UnrealProjects/Crash-Out-Dummy/Content/BP/Spikes/BP_VisibleSpikes_4x4.uexp" 1613
"C:/UnrealProjects/Crash-Out-Dummy/Content/BP/BP_TrapSlide/BP_TrapSlide_02.uasset" 1614
"C:/UnrealProjects/Crash-Out-Dummy/Content/BP/BP_TrapSlide/BP_TrapSlide_02.uexp" 1615
"C:/UnrealProjects/Crash-Out-Dummy/Content/Level/Level_2.uexp" 1616
"C:/UnrealProjects/Crash-Out-Dummy/Content/Level/Level_2.umap" 1617
"C:/UnrealProjects/Crash-Out-Dummy/Content/UI/GM_MenuGameModeBase.uasset" 1618
"C:/UnrealProjects/Crash-Out-Dummy/Content/UI/GM_MenuGameModeBase.uexp" 1619
"C:/UnrealProjects/Crash-Out-Dummy/Content/UI/game_ui_art_new/loading_screen/0.uasset" 1620
"C:/UnrealProjects/Crash-Out-Dummy/Content/UI/game_ui_art_new/loading_screen/0.uexp" 1621
"C:/UnrealProjects/Crash-Out-Dummy/Content/UI/game_ui_art_new/loading_screen/Font.uasset" 1622
"C:/UnrealProjects/Crash-Out-Dummy/Content/UI/game_ui_art_new/loading_screen/Font.uexp" 1623
"C:/UnrealProjects/Crash-Out-Dummy/Content/UI/W_StudioFlash.uasset" 1624
"C:/UnrealProjects/Crash-Out-Dummy/Content/UI/W_StudioFlash.uexp" 1625
"C:/UnrealProjects/Crash-Out-Dummy/Content/Level/MainMenuMap.uexp" 1626
"C:/UnrealProjects/Crash-Out-Dummy/Content/Level/MainMenuMap.umap" 1627
"C:/UnrealProjects/Crash-Out-Dummy/Content/Asset/Low_Poly_Sci-Fi_Corridor/Textures/T_Atlas_Grey.ubulk" 1628
"C:/UnrealProjects/Crash-Out-Dummy/Content/Asset/Low_Poly_Sci-Fi_Corridor/Textures/T_Atlas_Grey.uasset" 1629
"C:/UnrealProjects/Crash-Out-Dummy/Content/Asset/Low_Poly_Sci-Fi_Corridor/Textures/T_Atlas_Grey.uexp" 1630
"C:/UnrealProjects/Crash-Out-Dummy/Content/Asset/Low_Poly_Sci-Fi_Corridor/Materials/Alternate/Grey/MI_Atlas_Grey.uasset" 1631
"C:/UnrealProjects/Crash-Out-Dummy/Content/Asset/Low_Poly_Sci-Fi_Corridor/Materials/Alternate/Grey/MI_Atlas_Grey.uexp" 1632
"C:/UnrealProjects/Crash-Out-Dummy/Content/Asset/Low_Poly_Sci-Fi_Corridor/Particles/Textures/T_Smoke_03.ubulk" 1633
"C:/UnrealProjects/Crash-Out-Dummy/Content/Asset/Low_Poly_Sci-Fi_Corridor/Particles/Textures/T_Smoke_03.uasset" 1634
"C:/UnrealProjects/Crash-Out-Dummy/Content/Asset/Low_Poly_Sci-Fi_Corridor/Particles/Textures/T_Smoke_03.uexp" 1635
"C:/UnrealProjects/Crash-Out-Dummy/Content/Asset/Low_Poly_Sci-Fi_Corridor/Particles/Materials/M_Smoke_02.uasset" 1636
"C:/UnrealProjects/Crash-Out-Dummy/Content/Asset/Low_Poly_Sci-Fi_Corridor/Particles/Materials/M_Smoke_02.uexp" 1637
"C:/UnrealProjects/Crash-Out-Dummy/Content/Asset/Low_Poly_Sci-Fi_Corridor/Particles/P_Steam_1.uasset" 1638
"C:/UnrealProjects/Crash-Out-Dummy/Content/Asset/Low_Poly_Sci-Fi_Corridor/Particles/P_Steam_1.uexp" 1639
"C:/UnrealProjects/Crash-Out-Dummy/Content/BP/BP_POPUP.uasset" 1640
"C:/UnrealProjects/Crash-Out-Dummy/Content/BP/BP_POPUP.uexp" 1641
"../../../Engine/Content/OpenWorldTemplate/LandscapeMaterial/T_GridChecker_A.ubulk" 1642
"../../../Engine/Content/OpenWorldTemplate/LandscapeMaterial/T_GridChecker_A.uasset" 1643
"../../../Engine/Content/OpenWorldTemplate/LandscapeMaterial/T_GridChecker_A.uexp" 1644
"../../../Engine/Content/OpenWorldTemplate/LandscapeMaterial/MF_ProcGrid.uasset" 1645
"../../../Engine/Content/OpenWorldTemplate/LandscapeMaterial/MF_ProcGrid.uexp" 1646
"../../../Engine/Content/OpenWorldTemplate/LandscapeMaterial/M_ProcGrid.uasset" 1647
"../../../Engine/Content/OpenWorldTemplate/LandscapeMaterial/M_ProcGrid.uexp" 1648
"../../../Engine/Content/OpenWorldTemplate/LandscapeMaterial/MI_ProcGrid.uasset" 1649
"../../../Engine/Content/OpenWorldTemplate/LandscapeMaterial/MI_ProcGrid.uexp" 1650
"../../../Engine/Content/EngineSky/T_Sky_Stars.ubulk" 1651
"../../../Engine/Content/EngineSky/T_Sky_Stars.uasset" 1652
"../../../Engine/Content/EngineSky/T_Sky_Stars.uexp" 1653
"../../../Engine/Content/EngineSky/T_Sky_Clouds_M.ubulk" 1654
"../../../Engine/Content/EngineSky/T_Sky_Clouds_M.uasset" 1655
"../../../Engine/Content/EngineSky/T_Sky_Clouds_M.uexp" 1656
"../../../Engine/Content/EngineSky/T_Sky_Blue.ubulk" 1657
"../../../Engine/Content/EngineSky/T_Sky_Blue.uasset" 1658
"../../../Engine/Content/EngineSky/T_Sky_Blue.uexp" 1659
"../../../Engine/Content/EngineSky/M_Sky_Panning_Clouds2.uasset" 1660
"../../../Engine/Content/EngineSky/M_Sky_Panning_Clouds2.uexp" 1661
"../../../Engine/Content/EngineSky/SM_SkySphere.ubulk" 1662
"../../../Engine/Content/EngineSky/SM_SkySphere.uasset" 1663
"../../../Engine/Content/EngineSky/SM_SkySphere.uexp" 1664
"C:/UnrealProjects/Crash-Out-Dummy/Content/Asset/Low_Poly_Sci-Fi_Corridor/Models/Props/SM_Cable_02_G_Connect_04.ubulk" 1665
"C:/UnrealProjects/Crash-Out-Dummy/Content/Asset/Low_Poly_Sci-Fi_Corridor/Models/Props/SM_Cable_02_G_Connect_04.uasset" 1666
"C:/UnrealProjects/Crash-Out-Dummy/Content/Asset/Low_Poly_Sci-Fi_Corridor/Models/Props/SM_Cable_02_G_Connect_04.uexp" 1667
"C:/UnrealProjects/Crash-Out-Dummy/Content/Asset/Low_Poly_Sci-Fi_Corridor/Models/Props/SM_Cable_06_Cap.ubulk" 1668
"C:/UnrealProjects/Crash-Out-Dummy/Content/Asset/Low_Poly_Sci-Fi_Corridor/Models/Props/SM_Cable_06_Cap.uasset" 1669
"C:/UnrealProjects/Crash-Out-Dummy/Content/Asset/Low_Poly_Sci-Fi_Corridor/Models/Props/SM_Cable_06_Cap.uexp" 1670
"C:/UnrealProjects/Crash-Out-Dummy/Content/Asset/Low_Poly_Sci-Fi_Corridor/Models/Props/SM_Generator_01_E_4m.ubulk" 1671
"C:/UnrealProjects/Crash-Out-Dummy/Content/Asset/Low_Poly_Sci-Fi_Corridor/Models/Props/SM_Generator_01_E_4m.uasset" 1672
"C:/UnrealProjects/Crash-Out-Dummy/Content/Asset/Low_Poly_Sci-Fi_Corridor/Models/Props/SM_Generator_01_E_4m.uexp" 1673
"C:/UnrealProjects/Crash-Out-Dummy/Content/Asset/Low_Poly_Sci-Fi_Corridor/Particles/Textures/T_Beam.ubulk" 1674
"C:/UnrealProjects/Crash-Out-Dummy/Content/Asset/Low_Poly_Sci-Fi_Corridor/Particles/Textures/T_Beam.uasset" 1675
"C:/UnrealProjects/Crash-Out-Dummy/Content/Asset/Low_Poly_Sci-Fi_Corridor/Particles/Textures/T_Beam.uexp" 1676
"C:/UnrealProjects/Crash-Out-Dummy/Content/Asset/Low_Poly_Sci-Fi_Corridor/Particles/Materials/M_Beam.uasset" 1677
"C:/UnrealProjects/Crash-Out-Dummy/Content/Asset/Low_Poly_Sci-Fi_Corridor/Particles/Materials/M_Beam.uexp" 1678
"C:/UnrealProjects/Crash-Out-Dummy/Content/Asset/Low_Poly_Sci-Fi_Corridor/Particles/P_Beam_02_Big.uasset" 1679
"C:/UnrealProjects/Crash-Out-Dummy/Content/Asset/Low_Poly_Sci-Fi_Corridor/Particles/P_Beam_02_Big.uexp" 1680
"C:/UnrealProjects/Crash-Out-Dummy/Content/Asset/Low_Poly_Sci-Fi_Corridor/Models/Constructions/SM_Wall_04_3m.ubulk" 1681
"C:/UnrealProjects/Crash-Out-Dummy/Content/Asset/Low_Poly_Sci-Fi_Corridor/Models/Constructions/SM_Wall_04_3m.uasset" 1682
"C:/UnrealProjects/Crash-Out-Dummy/Content/Asset/Low_Poly_Sci-Fi_Corridor/Models/Constructions/SM_Wall_04_3m.uexp" 1683
"C:/UnrealProjects/Crash-Out-Dummy/Content/Asset/Low_Poly_Sci-Fi_Corridor/Particles/Textures/T_Dust.ubulk" 1684
"C:/UnrealProjects/Crash-Out-Dummy/Content/Asset/Low_Poly_Sci-Fi_Corridor/Particles/Textures/T_Dust.uasset" 1685
"C:/UnrealProjects/Crash-Out-Dummy/Content/Asset/Low_Poly_Sci-Fi_Corridor/Particles/Textures/T_Dust.uexp" 1686
"C:/UnrealProjects/Crash-Out-Dummy/Content/Asset/Low_Poly_Sci-Fi_Corridor/Particles/Materials/M_Dust.uasset" 1687
"C:/UnrealProjects/Crash-Out-Dummy/Content/Asset/Low_Poly_Sci-Fi_Corridor/Particles/Materials/M_Dust.uexp" 1688
"C:/UnrealProjects/Crash-Out-Dummy/Content/Asset/Low_Poly_Sci-Fi_Corridor/Particles/P_Spark_1.uasset" 1689
"C:/UnrealProjects/Crash-Out-Dummy/Content/Asset/Low_Poly_Sci-Fi_Corridor/Particles/P_Spark_1.uexp" 1690
"C:/UnrealProjects/Crash-Out-Dummy/Content/Asset/Low_Poly_Sci-Fi_Corridor/Particles/P_Spark_3.uasset" 1691
"C:/UnrealProjects/Crash-Out-Dummy/Content/Asset/Low_Poly_Sci-Fi_Corridor/Particles/P_Spark_3.uexp" 1692
"C:/UnrealProjects/Crash-Out-Dummy/Content/Asset/Low_Poly_Sci-Fi_Corridor/Models/Constructions/SM_Wall_08_Beam.ubulk" 1693
"C:/UnrealProjects/Crash-Out-Dummy/Content/Asset/Low_Poly_Sci-Fi_Corridor/Models/Constructions/SM_Wall_08_Beam.uasset" 1694
"C:/UnrealProjects/Crash-Out-Dummy/Content/Asset/Low_Poly_Sci-Fi_Corridor/Models/Constructions/SM_Wall_08_Beam.uexp" 1695
"C:/UnrealProjects/Crash-Out-Dummy/Content/BP/BP_SlideRail.uasset" 1696
"C:/UnrealProjects/Crash-Out-Dummy/Content/BP/BP_SlideRail.uexp" 1697
"../../../Engine/Content/MapTemplates/SM_Template_Map_Floor.ubulk" 1698
"../../../Engine/Content/MapTemplates/SM_Template_Map_Floor.uasset" 1699
"../../../Engine/Content/MapTemplates/SM_Template_Map_Floor.uexp" 1700
"C:/UnrealProjects/Crash-Out-Dummy/Content/Asset/Low_Poly_Sci-Fi_Corridor/Models/Props/SM_Lamp_06_B.ubulk" 1701
"C:/UnrealProjects/Crash-Out-Dummy/Content/Asset/Low_Poly_Sci-Fi_Corridor/Models/Props/SM_Lamp_06_B.uasset" 1702
"C:/UnrealProjects/Crash-Out-Dummy/Content/Asset/Low_Poly_Sci-Fi_Corridor/Models/Props/SM_Lamp_06_B.uexp" 1703
"C:/UnrealProjects/Crash-Out-Dummy/Content/Asset/Low_Poly_Sci-Fi_Corridor/Models/Props/SM_Generator_02_E.ubulk" 1704
"C:/UnrealProjects/Crash-Out-Dummy/Content/Asset/Low_Poly_Sci-Fi_Corridor/Models/Props/SM_Generator_02_E.uasset" 1705
"C:/UnrealProjects/Crash-Out-Dummy/Content/Asset/Low_Poly_Sci-Fi_Corridor/Models/Props/SM_Generator_02_E.uexp" 1706
"C:/UnrealProjects/Crash-Out-Dummy/Content/Asset/Low_Poly_Sci-Fi_Corridor/Particles/P_Spark_4.uasset" 1707
"C:/UnrealProjects/Crash-Out-Dummy/Content/Asset/Low_Poly_Sci-Fi_Corridor/Particles/P_Spark_4.uexp" 1708
"C:/UnrealProjects/Crash-Out-Dummy/Content/Asset/Low_Poly_Sci-Fi_Corridor/Models/Props/SM_Generator_02_D.ubulk" 1709
"C:/UnrealProjects/Crash-Out-Dummy/Content/Asset/Low_Poly_Sci-Fi_Corridor/Models/Props/SM_Generator_02_D.uasset" 1710
"C:/UnrealProjects/Crash-Out-Dummy/Content/Asset/Low_Poly_Sci-Fi_Corridor/Models/Props/SM_Generator_02_D.uexp" 1711
"C:/UnrealProjects/Crash-Out-Dummy/Content/Asset/Low_Poly_Sci-Fi_Corridor/Particles/P_Steam_2.uasset" 1712
"C:/UnrealProjects/Crash-Out-Dummy/Content/Asset/Low_Poly_Sci-Fi_Corridor/Particles/P_Steam_2.uexp" 1713
"C:/UnrealProjects/Crash-Out-Dummy/Content/Asset/Low_Poly_Sci-Fi_Corridor/Particles/P_Beam_01.uasset" 1714
"C:/UnrealProjects/Crash-Out-Dummy/Content/Asset/Low_Poly_Sci-Fi_Corridor/Particles/P_Beam_01.uexp" 1715
"C:/UnrealProjects/Crash-Out-Dummy/Content/BP/BP_Hammer.uasset" 1716
"C:/UnrealProjects/Crash-Out-Dummy/Content/BP/BP_Hammer.uexp" 1717
"C:/UnrealProjects/Crash-Out-Dummy/Content/Asset/Low_Poly_Sci-Fi_Corridor/Models/Constructions/SM_Wall_07_B_2m.ubulk" 1718
"C:/UnrealProjects/Crash-Out-Dummy/Content/Asset/Low_Poly_Sci-Fi_Corridor/Models/Constructions/SM_Wall_07_B_2m.uasset" 1719
"C:/UnrealProjects/Crash-Out-Dummy/Content/Asset/Low_Poly_Sci-Fi_Corridor/Models/Constructions/SM_Wall_07_B_2m.uexp" 1720
"C:/UnrealProjects/Crash-Out-Dummy/Content/Asset/Low_Poly_Sci-Fi_Corridor/Models/Constructions/SM_Pillar_01.ubulk" 1721
"C:/UnrealProjects/Crash-Out-Dummy/Content/Asset/Low_Poly_Sci-Fi_Corridor/Models/Constructions/SM_Pillar_01.uasset" 1722
"C:/UnrealProjects/Crash-Out-Dummy/Content/Asset/Low_Poly_Sci-Fi_Corridor/Models/Constructions/SM_Pillar_01.uexp" 1723
"C:/UnrealProjects/Crash-Out-Dummy/Content/Asset/Low_Poly_Sci-Fi_Corridor/Models/Constructions/SM_Wall_06_B_2m.ubulk" 1724
"C:/UnrealProjects/Crash-Out-Dummy/Content/Asset/Low_Poly_Sci-Fi_Corridor/Models/Constructions/SM_Wall_06_B_2m.uasset" 1725
"C:/UnrealProjects/Crash-Out-Dummy/Content/Asset/Low_Poly_Sci-Fi_Corridor/Models/Constructions/SM_Wall_06_B_2m.uexp" 1726
"C:/UnrealProjects/Crash-Out-Dummy/Content/Asset/Low_Poly_Sci-Fi_Corridor/Models/Constructions/SM_Pillar_02.ubulk" 1727
"C:/UnrealProjects/Crash-Out-Dummy/Content/Asset/Low_Poly_Sci-Fi_Corridor/Models/Constructions/SM_Pillar_02.uasset" 1728
"C:/UnrealProjects/Crash-Out-Dummy/Content/Asset/Low_Poly_Sci-Fi_Corridor/Models/Constructions/SM_Pillar_02.uexp" 1729
"C:/UnrealProjects/Crash-Out-Dummy/Content/Asset/Low_Poly_Sci-Fi_Corridor/Models/Sign/SM_Sign_3.ubulk" 1730
"C:/UnrealProjects/Crash-Out-Dummy/Content/Asset/Low_Poly_Sci-Fi_Corridor/Models/Sign/SM_Sign_3.uasset" 1731
"C:/UnrealProjects/Crash-Out-Dummy/Content/Asset/Low_Poly_Sci-Fi_Corridor/Models/Sign/SM_Sign_3.uexp" 1732
"C:/UnrealProjects/Crash-Out-Dummy/Content/BP/BP_Trap2.uasset" 1733
"C:/UnrealProjects/Crash-Out-Dummy/Content/BP/BP_Trap2.uexp" 1734
"C:/UnrealProjects/Crash-Out-Dummy/Content/Asset/Low_Poly_Sci-Fi_Corridor/Models/Constructions/SM_Pillar_04.ubulk" 1735
"C:/UnrealProjects/Crash-Out-Dummy/Content/Asset/Low_Poly_Sci-Fi_Corridor/Models/Constructions/SM_Pillar_04.uasset" 1736
"C:/UnrealProjects/Crash-Out-Dummy/Content/Asset/Low_Poly_Sci-Fi_Corridor/Models/Constructions/SM_Pillar_04.uexp" 1737
"C:/UnrealProjects/Crash-Out-Dummy/Content/BP/BP_Trap1.uasset" 1738
"C:/UnrealProjects/Crash-Out-Dummy/Content/BP/BP_Trap1.uexp" 1739
"../../../Engine/Content/EngineSky/M_SimpleSkyDome.uasset" 1740
"../../../Engine/Content/EngineSky/M_SimpleSkyDome.uexp" 1741
"C:/UnrealProjects/Crash-Out-Dummy/Content/Level/CrashOutBP_TEST.uexp" 1742
"C:/UnrealProjects/Crash-Out-Dummy/Content/Level/CrashOutBP_TEST.umap" 1743
"../../../Engine/Content/Maps/Entry_BuiltData.uasset" 1744
"../../../Engine/Content/Maps/Entry_BuiltData.uexp" 1745
"../../../Engine/Content/Maps/Entry.uexp" 1746
"../../../Engine/Content/Maps/Entry.umap" 1747
"C:/UnrealProjects/Crash-Out-Dummy/Content/BP/BP_HammerReactive.uasset" 1748
"C:/UnrealProjects/Crash-Out-Dummy/Content/BP/BP_HammerReactive.uexp" 1749
"C:/UnrealProjects/Crash-Out-Dummy/Content/LevelPrototyping/Materials/MI_PrototypeGrid_Gray.uasset" 1750
"C:/UnrealProjects/Crash-Out-Dummy/Content/LevelPrototyping/Materials/MI_PrototypeGrid_Gray.uexp" 1751
"C:/UnrealProjects/Crash-Out-Dummy/Content/FallingFloor/FallingFloorRect.ubulk" 1752
"C:/UnrealProjects/Crash-Out-Dummy/Content/FallingFloor/FallingFloorRect.uasset" 1753
"C:/UnrealProjects/Crash-Out-Dummy/Content/FallingFloor/FallingFloorRect.uexp" 1754
"C:/UnrealProjects/Crash-Out-Dummy/Content/FallingFloor/FallingFloorPhysics_BP.uasset" 1755
"C:/UnrealProjects/Crash-Out-Dummy/Content/FallingFloor/FallingFloorPhysics_BP.uexp" 1756
"C:/UnrealProjects/Crash-Out-Dummy/Content/FallingFloor/FallingFloor.uasset" 1757
"C:/UnrealProjects/Crash-Out-Dummy/Content/FallingFloor/FallingFloor.uexp" 1758
"C:/UnrealProjects/Crash-Out-Dummy/Content/Level/ArthurLevel.uexp" 1759
"C:/UnrealProjects/Crash-Out-Dummy/Content/Level/ArthurLevel.umap" 1760
